latitude,longitude,elevation,time,distance,elevation_change,time_delta,speed,slope,energy
30.14452,118.16588,1592.2,2009-12-31 23:00:00+00:00,0.0,0.0,0.0,,,0.0
30.14439,118.1658,1593.08,2009-12-31 23:00:05+00:00,16.374752961329904,0.8799999999998818,5.0,3.2749505922659807,0.05374126877382894,60.533110660787436
30.14444,118.1655,1591.12,2009-12-31 23:00:16+00:00,29.378040541323013,-1.9600000000000364,11.0,2.670730958302092,-0.06671649857801475,109.28894594876292
30.14443,118.1653,1591.46,2009-12-31 23:00:23+00:00,19.263553605681405,0.3400000000001455,7.0,2.751936229383058,0.01764991065303077,69.96079298045332
30.14424,118.16509,1599.33,2009-12-31 23:00:33+00:00,29.22515992262745,7.869999999999891,10.0,2.922515992262745,0.26928851786732494,119.37657572145862
30.14423,118.16494,1600.69,2009-12-31 23:00:39+00:00,14.466402868240186,1.3600000000001273,6.0,2.411067144706698,0.0940109308711357,54.5270503256649
30.1442,118.16489,1601.81,2009-12-31 23:00:41+00:00,5.851793551961189,1.1199999999998909,2.0,2.9258967759805947,0.1913943118558122,23.082456787060085
30.1441,118.1648,1604.99,2009-12-31 23:00:46+00:00,14.090343616543,3.1800000000000637,5.0,2.8180687233086,0.22568647625218538,56.44923701955491
30.14401,118.16471,1608.11,2009-12-31 23:00:51+00:00,13.23048507071153,3.119999999999891,5.0,2.646097014142306,0.23581901822380413,53.24574625456132
30.14395,118.16455,1612.15,2009-12-31 23:00:57+00:00,16.769510063768138,4.040000000000191,6.0,2.7949183439613563,0.24091341873659938,67.64223622956564
30.1439,118.16443,1615.66,2009-12-31 23:01:01+00:00,12.808491701317866,3.509999999999991,4.0,3.2021229253294665,0.27403695000550665,52.428570124744304
30.14386,118.16427,1617.53,2009-12-31 23:01:07+00:00,16.01525285980977,1.8699999999998909,6.0,2.669208809968295,0.11676368873904266,61.02091029531498
30.14385,118.16416,1618.28,2009-12-31 23:01:11+00:00,10.635637574964129,0.75,4.0,2.658909393741032,0.07051763420046114,39.638295269870866
30.14395,118.16396,1616.31,2009-12-31 23:01:19+00:00,22.21475172948281,-1.9700000000000273,8.0,2.7768439661853512,-0.08867981168502087,83.51910622613816
30.14397,118.16375,1617.04,2009-12-31 23:01:26+00:00,20.315194905140686,0.7300000000000182,7.0,2.9021707007343838,0.03593369413430015,74.4487016585065
30.14392,118.16339,1620.14,2009-12-31 23:01:39+00:00,35.060382436881696,3.1000000000001364,13.0,2.6969524951447457,0.0884188872035548,131.79737677277436
30.14387,118.16297,1620.42,2009-12-31 23:01:53+00:00,40.76712653102432,0.2799999999999727,14.0,2.91193760935888,0.006868279023464876,147.2656555116875
30.14373,118.16227,1615.93,2009-12-31 23:02:18+00:00,69.08717421093436,-4.490000000000009,25.0,2.7634869684373746,-0.06499035531966194,256.79582715936374
30.14369,118.16204,1612.54,2009-12-31 23:02:26+00:00,22.559125754693234,-3.3900000000001,8.0,2.8198907193366543,-0.15027178078010578,87.31485271689583
30.14362,118.16171,1605.94,2009-12-31 23:02:38+00:00,32.6728083966463,-6.599999999999909,12.0,2.7227340330538587,-0.20200283734034216,129.50211022792652
30.14353,118.16146,1597.82,2009-12-31 23:02:48+00:00,26.039366404034983,-8.120000000000118,10.0,2.6039366404034983,-0.3118355444601704,108.35771905452614
30.14339,118.16136,1592.58,2009-12-31 23:02:54+00:00,18.29765978330721,-5.240000000000009,6.0,3.049609963884535,-0.28637541970150815,75.30357521990598
30.14336,118.16082,1577.15,2009-12-31 23:03:13+00:00,52.032472717492695,-15.429999999999836,19.0,2.7385511956575104,-0.29654558382754803,215.09090178297342
30.1432,118.16019,1570.9,2009-12-31 23:03:36+00:00,63.1381797183878,-6.25,23.0,2.745138248625557,-0.09898923326387576,238.5474469861961
30.14289,118.15991,1570.89,2009-12-31 23:03:51+00:00,43.7393757438566,-0.009999999999990905,15.0,2.9159583829237734,-0.00022862694837146716,157.47975267788374
30.14275,118.15957,1570.39,2009-12-31 23:04:04+00:00,36.210998501611584,-0.5,13.0,2.785461423200891,-0.013807959478878975,131.2595946058017
30.14255,118.15929,1571.21,2009-12-31 23:04:17+00:00,34.92135317461861,0.8199999999999363,13.0,2.686257936509124,0.023481335213433978,127.19287142862689
30.14235,118.15894,1574.4,2009-12-31 23:04:31+00:00,40.339530814134065,3.1900000000000546,14.0,2.881395058152433,0.07907875812185575,150.96431093088273
30.14225,118.15869,1577.14,2009-12-31 23:04:41+00:00,26.48689733071291,2.740000000000009,10.0,2.648689733071291,0.10344737497142933,100.2848303905665
30.14222,118.15849,1579.7,2009-12-31 23:04:48+00:00,19.519027646280932,2.5599999999999454,7.0,2.7884325208972762,0.1311540741881021,74.87649952661125
30.14226,118.15822,1586.4,2009-12-31 23:04:58+00:00,26.34124124755947,6.7000000000000455,10.0,2.634124124755947,0.2543539971040964,106.88846849121416
30.14226,118.15788,1589.36,2009-12-31 23:05:09+00:00,32.69415904748905,2.959999999999809,11.0,2.972196277044459,0.09053604944235874,123.02697257096024
30.14234,118.15763,1594.9,2009-12-31 23:05:19+00:00,25.63287358283865,5.540000000000191,10.0,2.5632873582838647,0.2161287138602069,102.25034489821948
30.1424,118.15727,1593.87,2009-12-31 23:05:31+00:00,35.25435315605849,-1.0300000000002,12.0,2.9378627630048744,-0.02921625013060816,128.76967136181094
30.1424,118.15727,1593.87,2009-12-31 23:05:51+00:00,0.0,0.0,20.0,0.0,,0.0
30.1424,118.15727,1593.87,2009-12-31 23:13:19+00:00,0.0,0.0,448.0,0.0,,0.0
30.14246,118.1573,1594.88,2009-12-31 23:05:34+00:00,7.268661628477549,1.0100000000002183,-465.0,-0.015631530383822687,0.13895267817161644,27.98518186251957
30.14246,118.1573,1594.88,2009-12-31 23:05:49+00:00,0.0,0.0,15.0,0.0,,0.0
30.14244,118.1574,1597.81,2009-12-31 23:05:37+00:00,9.869724496297927,2.9299999999998363,-12.0,-0.8224770413581606,0.2968674557328182,40.80500818667225
30.14244,118.1574,1597.81,2009-12-31 23:05:45+00:00,0.0,0.0,8.0,0.0,,0.0
30.14253,118.15744,1601.7,2009-12-31 23:05:41+00:00,10.721260759896348,3.8900000000001,-4.0,-2.680315189974087,0.3628304624910278,45.59853873562703
30.14244,118.1574,1597.81,2009-12-31 23:05:37+00:00,10.721260759896348,-3.8900000000001,-4.0,-2.680315189974087,-0.3628304624910278,45.59853873562703
30.14244,118.1574,1597.81,2009-12-31 23:05:45+00:00,0.0,0.0,8.0,0.0,,0.0
30.14246,118.1573,1594.88,2009-12-31 23:05:34+00:00,9.869724496297927,-2.9299999999998363,-11.0,-0.8972476814816297,-0.2968674557328182,40.80500818667225
30.14246,118.1573,1594.88,2009-12-31 23:05:49+00:00,0.0,0.0,15.0,0.0,,0.0
30.1424,118.15727,1593.87,2009-12-31 23:05:31+00:00,7.268661628477549,-1.0100000000002183,-18.0,-0.4038145349154194,-0.13895267817161644,27.98518186251957
30.1424,118.15727,1593.87,2009-12-31 23:05:51+00:00,0.0,0.0,20.0,0.0,,0.0
30.1424,118.15727,1593.87,2009-12-31 23:13:19+00:00,0.0,0.0,448.0,0.0,,0.0
30.14245,118.15707,1590.77,2009-12-31 23:05:58+00:00,20.0193385142542,-3.099999999999909,-441.0,-0.04539532542914785,-0.154850271291064,77.64961865131495
30.14245,118.15707,1590.77,2009-12-31 23:13:12+00:00,0.0,0.0,434.0,0.0,,0.0
30.1425,118.15684,1590.75,2009-12-31 23:06:07+00:00,22.80469863833304,-0.01999999999998181,-425.0,-0.05365811444313656,-0.0008770122472201086,82.13291509799892
30.1425,118.15684,1590.75,2009-12-31 23:13:04+00:00,0.0,0.0,417.0,0.0,,0.0
30.14248,118.15665,1591.03,2009-12-31 23:06:13+00:00,18.40507442304662,0.2799999999999727,-411.0,-0.04478120297578253,0.015213195750480637,66.76226792296778
30.14248,118.15665,1591.03,2009-12-31 23:12:57+00:00,0.0,0.0,404.0,0.0,,0.0
30.14243,118.15655,1587.97,2009-12-31 23:06:17+00:00,11.107497777637324,-3.0599999999999454,-400.0,-0.02776874444409331,-0.2754895892178912,45.49499199949427
30.14243,118.15655,1587.97,2009-12-31 23:12:53+00:00,0.0,0.0,396.0,0.0,,0.0
30.14237,118.1564,1583.97,2009-12-31 23:06:23+00:00,15.892125130563084,-4.0,-390.0,-0.0407490387963156,-0.25169698622038683,64.4116504700271
30.14237,118.1564,1583.97,2009-12-31 23:12:48+00:00,0.0,0.0,385.0,0.0,,0.0
30.14235,118.15628,1582.55,2009-12-31 23:06:27+00:00,11.751452201225671,-1.4200000000000728,-381.0,-0.030843706564896774,-0.1208361294999751,44.861227924412546
30.14235,118.15628,1582.55,2009-12-31 23:12:43+00:00,0.0,0.0,376.0,0.0,,0.0
30.14238,118.15611,1582.38,2009-12-31 23:06:33+00:00,16.683953990845797,-0.16999999999984539,-370.0,-0.045091767542826476,-0.010189431120052328,60.368234367044586
30.14238,118.15611,1582.38,2009-12-31 23:12:37+00:00,0.0,0.0,364.0,0.0,,0.0
30.14245,118.15602,1581.93,2009-12-31 23:06:37+00:00,11.639691897405188,-0.4500000000000455,-360.0,-0.03233247749279219,-0.03866081713901405,42.71289083065876
30.14245,118.15602,1581.93,2009-12-31 23:12:33+00:00,0.0,0.0,356.0,0.0,,0.0
30.1425,118.15603,1583.54,2009-12-31 23:06:39+00:00,5.64228997642837,1.6099999999999,-354.0,-0.015938672249797656,0.2853451358802809,23.21024391514195
30.1425,118.15603,1583.54,2009-12-31 23:12:31+00:00,0.0,0.0,352.0,0.0,,0.0
30.14259,118.15606,1589.32,2009-12-31 23:06:43+00:00,10.415028812417173,5.779999999999973,-348.0,-0.02992824371384245,0.5549672597265259,47.89810372470178
30.14259,118.15606,1589.32,2009-12-31 23:12:27+00:00,0.0,0.0,344.0,0.0,,0.0
30.1427,118.15609,1596.19,2009-12-31 23:06:48+00:00,12.567022525526113,6.870000000000118,-339.0,-0.03707086290715667,0.5466688697379023,57.607281091894215
30.1427,118.15609,1596.19,2009-12-31 23:12:23+00:00,0.0,0.0,335.0,0.0,,0.0
30.14282,118.15605,1602.97,2009-12-31 23:06:53+00:00,13.88670276220816,6.779999999999973,-330.0,-0.04208091746123685,0.4882368490273546,62.19612994394932
30.14282,118.15605,1602.97,2009-12-31 23:12:18+00:00,0.0,0.0,325.0,0.0,,0.0
30.14285,118.15593,1604.17,2009-12-31 23:06:57+00:00,12.011557047276227,1.2000000000000455,-321.0,-0.03741918083263622,0.09990378393716746,45.4016053701945
30.14285,118.15593,1604.17,2009-12-31 23:12:14+00:00,0.0,0.0,317.0,0.0,,0.0
30.14286,118.15577,1604.12,2009-12-31 23:07:03+00:00,15.425523479197869,-0.0500000000001819,-311.0,-0.04959975395240472,-0.0032413810829570572,55.621884525112655
30.14286,118.15577,1604.12,2009-12-31 23:12:08+00:00,0.0,0.0,305.0,0.0,,0.0
30.14292,118.15556,1609.87,2009-12-31 23:07:10+00:00,21.266917630580213,5.75,-298.0,-0.0713654954046316,0.27037298492809964,86.91090347008877
30.14292,118.15556,1609.87,2009-12-31 23:12:00+00:00,0.0,0.0,290.0,0.0,,0.0
30.14288,118.15542,1606.77,2009-12-31 23:07:15+00:00,14.177943789751948,-3.099999999999909,-285.0,-0.0497471711921121,-0.21864947738335938,56.620597643106855
30.14288,118.15542,1606.77,2009-12-31 23:11:55+00:00,0.0,0.0,280.0,0.0,,0.0
30.14287,118.1553,1607.06,2009-12-31 23:07:20+00:00,11.59249521926778,0.2899999999999636,-275.0,-0.04215452807006466,0.02501618456723254,42.25498278936394
30.14287,118.1553,1607.06,2009-12-31 23:11:51+00:00,0.0,0.0,271.0,0.0,,0.0
30.14287,118.15507,1607.3,2009-12-31 23:07:28+00:00,22.116500275630443,0.2400000000000091,-263.0,-0.08409315694156062,0.01085162647837454,80.0514009922696
30.14287,118.15507,1607.3,2009-12-31 23:11:43+00:00,0.0,0.0,255.0,0.0,,0.0
30.1429,118.15492,1612.22,2009-12-31 23:07:33+00:00,14.804524791697334,4.920000000000073,-250.0,-0.059218099166789336,0.3323308292042785,62.152289250110535
30.1429,118.15492,1612.22,2009-12-31 23:11:38+00:00,0.0,0.0,245.0,0.0,,0.0
30.14289,118.15475,1616.44,2009-12-31 23:07:39+00:00,16.38474902666634,4.220000000000027,-239.0,-0.06855543525801816,0.25755658467102155,66.58109649599888
30.14289,118.15475,1616.44,2009-12-31 23:11:32+00:00,0.0,0.0,233.0,0.0,,0.0
30.14295,118.15455,1622.24,2009-12-31 23:07:46+00:00,20.356103422105416,5.7999999999999545,-226.0,-0.09007125408011246,0.28492682905617034,83.72197231957942
30.14295,118.15455,1622.24,2009-12-31 23:11:25+00:00,0.0,0.0,219.0,0.0,,0.0
30.14295,118.15451,1622.75,2009-12-31 23:07:47+00:00,3.8463447552918613,0.5099999999999909,-218.0,-0.017643783281155328,0.1325934185432351,14.764841119050685
30.14295,118.15451,1622.75,2009-12-31 23:11:23+00:00,0.0,0.0,216.0,0.0,,0.0
30.14296,118.15444,1623.91,2009-12-31 23:07:50+00:00,6.822329405798017,1.1600000000000819,-213.0,-0.032029715520178484,0.1700299019590355,26.64838586087301
30.14296,118.15444,1623.91,2009-12-31 23:11:21+00:00,0.0,0.0,211.0,0.0,,0.0
30.14298,118.15437,1624.53,2009-12-31 23:07:52+00:00,7.088967360778242,0.6199999999998909,-209.0,-0.03391850411855618,0.08745984689254176,26.636282498801474
30.14298,118.15437,1624.53,2009-12-31 23:11:18+00:00,0.0,0.0,206.0,0.0,,0.0
30.14297,118.15429,1624.31,2009-12-31 23:07:55+00:00,7.77263617381876,-0.22000000000002728,-203.0,-0.038288848146890445,-0.028304425304386722,28.377490225747586
30.14297,118.15429,1624.31,2009-12-31 23:11:15+00:00,0.0,0.0,200.0,0.0,,0.0
30.14291,118.15424,1623.51,2009-12-31 23:07:58+00:00,8.223607894969886,-0.7999999999999545,-197.0,-0.04174420251253749,-0.09728090276401535,31.044988421891507
30.14291,118.15424,1623.51,2009-12-31 23:11:12+00:00,0.0,0.0,194.0,0.0,,0.0
30.14286,118.15422,1623.03,2009-12-31 23:08:00+00:00,5.882973410659452,-0.4800000000000182,-192.0,-0.030640486513851314,-0.08159139375512027,22.04270427837406
30.14286,118.15422,1623.03,2009-12-31 23:11:10+00:00,0.0,0.0,190.0,0.0,,0.0
30.1428,118.15416,1623.39,2009-12-31 23:08:04+00:00,8.820370233942572,0.36000000000012733,-186.0,-0.047421345343777274,0.04081461327040155,32.40133284219349
30.1428,118.15416,1623.39,2009-12-31 23:11:07+00:00,0.0,0.0,183.0,0.0,,0.0
30.14274,118.15408,1622.37,2009-12-31 23:08:07+00:00,10.182789892801681,-1.0200000000002092,-180.0,-0.05657105496000934,-0.10016901170879089,38.49404361408643
30.14274,118.15408,1622.37,2009-12-31 23:11:03+00:00,0.0,0.0,176.0,0.0,,0.0
30.14269,118.154,1619.84,2009-12-31 23:08:11+00:00,9.491497935811829,-2.5299999999999727,-172.0,-0.055183127533789705,-0.26655434338284734,38.723392568922534
30.14269,118.154,1619.84,2009-12-31 23:11:00+00:00,0.0,0.0,169.0,0.0,,0.0
30.14266,118.15394,1618.41,2009-12-31 23:08:13+00:00,6.664487529387192,-1.4299999999998363,-167.0,-0.03990711095441432,-0.2145701366675566,26.566155105793598
30.14266,118.15394,1618.41,2009-12-31 23:10:58+00:00,0.0,0.0,165.0,0.0,,0.0
30.1426,118.15393,1612.15,2009-12-31 23:08:15+00:00,6.740636183231142,-6.259999999999991,-163.0,-0.04135359621614197,-0.9286957239397015,35.534290259632094
30.1426,118.15393,1612.15,2009-12-31 23:10:55+00:00,0.0,0.0,160.0,0.0,,0.0
30.14253,118.15394,1604.33,2009-12-31 23:08:18+00:00,7.842817261851206,-7.820000000000164,-157.0,-0.04995425007548539,-0.9970906804163309,42.31014214266463
30.14253,118.15394,1604.33,2009-12-31 23:10:52+00:00,0.0,0.0,154.0,0.0,,0.0
30.14244,118.15392,1594.48,2009-12-31 23:08:22+00:00,10.190660023795745,-9.849999999999909,-150.0,-0.06793773349197163,-0.9665713483719036,54.416376085664524
30.14244,118.15392,1594.48,2009-12-31 23:10:49+00:00,0.0,0.0,147.0,0.0,,0.0
30.14237,118.15389,1586.55,2009-12-31 23:08:25+00:00,8.301027123373203,-7.930000000000064,-144.0,-0.057646021690091684,-0.9553034681300537,44.157697644143646
30.14237,118.15389,1586.55,2009-12-31 23:10:46+00:00,0.0,0.0,141.0,0.0,,0.0
30.14236,118.15382,1590.32,2009-12-31 23:08:27+00:00,6.822369116133346,3.769999999999982,-139.0,-0.049081792202398174,0.5525939649153243,31.34652881808001
30.14236,118.15382,1590.32,2009-12-31 23:10:43+00:00,0.0,0.0,136.0,0.0,,0.0
30.1423,118.15378,1585.22,2009-12-31 23:08:30+00:00,7.701043829369633,-5.099999999999909,-133.0,-0.05790258518323032,-0.6622478865202573,36.90375778573052
30.1423,118.15378,1585.22,2009-12-31 23:10:40+00:00,0.0,0.0,130.0,0.0,,0.0
30.1422,118.15372,1575.74,2009-12-31 23:08:35+00:00,12.527207085192044,-9.480000000000018,-125.0,-0.10021765668153636,-0.7567528768009256,62.16194550669139
30.1422,118.15372,1575.74,2009-12-31 23:10:36+00:00,0.0,0.0,121.0,0.0,,0.0
30.14213,118.15358,1577.02,2009-12-31 23:08:40+00:00,15.550531141224981,1.2799999999999727,-116.0,-0.13405630294159468,0.0823123009995877,58.28591210840988
30.14213,118.15358,1577.02,2009-12-31 23:10:30+00:00,0.0,0.0,110.0,0.0,,0.0
30.1421,118.15344,1585.56,2009-12-31 23:08:45+00:00,13.869461258673182,8.539999999999964,-105.0,-0.13209010722545889,0.6157412923778512,65.30206053122339
30.1421,118.15344,1585.56,2009-12-31 23:10:25+00:00,0.0,0.0,100.0,0.0,,0.0
30.14214,118.15329,1600.15,2009-12-31 23:08:51+00:00,15.094111385838143,14.590000000000146,-94.0,-0.16057565304083132,0.9666021156892367,80.60080098901757
30.14214,118.15329,1600.15,2009-12-31 23:10:20+00:00,0.0,0.0,89.0,0.0,,0.0
30.14214,118.15303,1604.89,2009-12-31 23:09:00+00:00,25.00144614760712,4.740000000000009,-80.0,-0.312518076845089,0.18958903305094105,98.53720613138564
30.14214,118.15303,1604.89,2009-12-31 23:10:11+00:00,0.0,0.0,71.0,0.0,,0.0
30.14217,118.15288,1608.62,2009-12-31 23:09:05+00:00,14.804628760435067,3.729999999999791,-66.0,-0.2243125569762889,0.25194822918951576,60.01066353756586
30.14217,118.15288,1608.62,2009-12-31 23:10:06+00:00,0.0,0.0,61.0,0.0,,0.0
30.1421,118.15281,1596.83,2009-12-31 23:09:09+00:00,10.290462952533728,-11.789999999999964,-57.0,-0.1805344377637496,-1.145721048157218,58.26766662912136
30.1421,118.15281,1596.83,2009-12-31 23:10:02+00:00,0.0,0.0,53.0,0.0,,0.0
30.14201,118.15286,1582.59,2009-12-31 23:09:13+00:00,11.102591777793307,-14.240000000000009,-49.0,-0.22658350566925117,-1.2825834080004586,65.60133040005593
30.14201,118.15286,1582.59,2009-12-31 23:09:58+00:00,0.0,0.0,45.0,0.0,,0.0
30.14196,118.15292,1574.55,2009-12-31 23:09:16+00:00,8.012412764925802,-8.039999999999964,-42.0,-0.19077173249823337,-1.0034430621441426,43.31668595373282
30.14196,118.15292,1574.55,2009-12-31 23:09:55+00:00,0.0,0.0,39.0,0.0,,0.0
30.14188,118.15292,1568.38,2009-12-31 23:09:19+00:00,8.895594131622975,-6.169999999999845,-36.0,-0.2470998369895271,-0.6936017885602597,43.13013887384243
30.14188,118.15292,1568.38,2009-12-31 23:09:52+00:00,0.0,0.0,33.0,0.0,,0.0
30.1419,118.15275,1571.2,2009-12-31 23:09:25+00:00,16.497719167046185,2.8199999999999363,-27.0,-0.6110266358165254,0.1709327193320651,64.46778900136616
30.1419,118.15275,1571.2,2009-12-31 23:09:46+00:00,0.0,0.0,21.0,0.0,,0.0
30.14185,118.15255,1575.51,2009-12-31 23:09:32+00:00,20.01944149508154,4.309999999999945,-14.0,-1.4299601067915386,0.2152907213250102,79.82798938229345
30.14185,118.15255,1575.51,2009-12-31 23:09:39+00:00,0.0,0.0,7.0,0.0,,0.0
30.14182,118.15246,1575.57,2009-12-31 23:09:35+00:00,9.275023510354465,0.05999999999994543,-4.0,-2.3187558775886163,0.006468986297766527,33.49808463727597
30.14185,118.15255,1575.51,2009-12-31 23:09:32+00:00,9.275023510354465,-0.05999999999994543,-3.0,-3.0916745034514883,-0.006468986297766527,33.49808463727597
30.14185,118.15255,1575.51,2009-12-31 23:09:39+00:00,0.0,0.0,7.0,0.0,,0.0
30.1419,118.15275,1571.2,2009-12-31 23:09:25+00:00,20.01944149508154,-4.309999999999945,-14.0,-1.4299601067915386,-0.2152907213250102,79.82798938229345
30.1419,118.15275,1571.2,2009-12-31 23:09:46+00:00,0.0,0.0,21.0,0.0,,0.0
30.14188,118.15292,1568.38,2009-12-31 23:09:19+00:00,16.497719167046185,-2.8199999999999363,-27.0,-0.6110266358165254,-0.1709327193320651,64.46778900136616
30.14188,118.15292,1568.38,2009-12-31 23:09:52+00:00,0.0,0.0,33.0,0.0,,0.0
30.14196,118.15292,1574.55,2009-12-31 23:09:16+00:00,8.895594131622975,6.169999999999845,-36.0,-0.2470998369895271,0.6936017885602597,43.13013887384243
30.14196,118.15292,1574.55,2009-12-31 23:09:55+00:00,0.0,0.0,39.0,0.0,,0.0
30.14201,118.15286,1582.59,2009-12-31 23:09:13+00:00,8.012412764925802,8.039999999999964,-42.0,-0.19077173249823337,1.0034430621441426,43.31668595373282
30.14201,118.15286,1582.59,2009-12-31 23:09:58+00:00,0.0,0.0,45.0,0.0,,0.0
30.1421,118.15281,1596.83,2009-12-31 23:09:09+00:00,11.102591777793307,14.240000000000009,-49.0,-0.22658350566925117,1.2825834080004586,65.60133040005593
30.1421,118.15281,1596.83,2009-12-31 23:10:02+00:00,0.0,0.0,53.0,0.0,,0.0
30.14217,118.15288,1608.62,2009-12-31 23:09:05+00:00,10.290462952533728,11.789999999999964,-57.0,-0.1805344377637496,1.145721048157218,58.26766662912136
30.14217,118.15288,1608.62,2009-12-31 23:10:06+00:00,0.0,0.0,61.0,0.0,,0.0
30.14214,118.15303,1604.89,2009-12-31 23:09:00+00:00,14.804628760435067,-3.729999999999791,-66.0,-0.2243125569762889,-0.25194822918951576,60.01066353756586
30.14214,118.15303,1604.89,2009-12-31 23:10:11+00:00,0.0,0.0,71.0,0.0,,0.0
30.14214,118.15329,1600.15,2009-12-31 23:08:51+00:00,25.00144614760712,-4.740000000000009,-80.0,-0.312518076845089,-0.18958903305094105,98.53720613138564
30.14214,118.15329,1600.15,2009-12-31 23:10:20+00:00,0.0,0.0,89.0,0.0,,0.0
30.1421,118.15344,1585.56,2009-12-31 23:08:45+00:00,15.094111385838143,-14.590000000000146,-95.0,-0.15888538300882257,-0.9666021156892367,80.60080098901757
30.1421,118.15344,1585.56,2009-12-31 23:10:25+00:00,0.0,0.0,100.0,0.0,,0.0
30.14213,118.15358,1577.02,2009-12-31 23:08:40+00:00,13.869461258673182,-8.539999999999964,-105.0,-0.13209010722545889,-0.6157412923778512,65.30206053122339
30.14213,118.15358,1577.02,2009-12-31 23:10:30+00:00,0.0,0.0,110.0,0.0,,0.0
30.1422,118.15372,1575.74,2009-12-31 23:08:35+00:00,15.550531141224981,-1.2799999999999727,-115.0,-0.13522200992369549,-0.0823123009995877,58.28591210840988
30.1422,118.15372,1575.74,2009-12-31 23:10:36+00:00,0.0,0.0,121.0,0.0,,0.0
30.1423,118.15378,1585.22,2009-12-31 23:08:30+00:00,12.527207085192044,9.480000000000018,-126.0,-0.09942227845390511,0.7567528768009256,62.16194550669139
30.1423,118.15378,1585.22,2009-12-31 23:10:40+00:00,0.0,0.0,130.0,0.0,,0.0
30.14236,118.15382,1590.32,2009-12-31 23:08:27+00:00,7.701043829369633,5.099999999999909,-133.0,-0.05790258518323032,0.6622478865202573,36.90375778573052
30.14236,118.15382,1590.32,2009-12-31 23:10:43+00:00,0.0,0.0,136.0,0.0,,0.0
30.14237,118.15389,1586.55,2009-12-31 23:08:25+00:00,6.822369116133346,-3.769999999999982,-138.0,-0.049437457363285114,-0.5525939649153243,31.34652881808001
30.14237,118.15389,1586.55,2009-12-31 23:10:46+00:00,0.0,0.0,141.0,0.0,,0.0
30.14244,118.15392,1594.48,2009-12-31 23:08:22+00:00,8.301027123373203,7.930000000000064,-144.0,-0.057646021690091684,0.9553034681300537,44.157697644143646
30.14244,118.15392,1594.48,2009-12-31 23:10:49+00:00,0.0,0.0,147.0,0.0,,0.0
30.14253,118.15394,1604.33,2009-12-31 23:08:18+00:00,10.190660023795745,9.849999999999909,-151.0,-0.06748781472712415,0.9665713483719036,54.416376085664524
30.14253,118.15394,1604.33,2009-12-31 23:10:52+00:00,0.0,0.0,154.0,0.0,,0.0
30.1426,118.15393,1612.15,2009-12-31 23:08:15+00:00,7.842817261851206,7.820000000000164,-157.0,-0.04995425007548539,0.9970906804163309,42.31014214266463
30.1426,118.15393,1612.15,2009-12-31 23:10:55+00:00,0.0,0.0,160.0,0.0,,0.0
30.14266,118.15394,1618.41,2009-12-31 23:08:13+00:00,6.740636183231142,6.259999999999991,-162.0,-0.04160886532858729,0.9286957239397015,35.534290259632094
30.14266,118.15394,1618.41,2009-12-31 23:10:58+00:00,0.0,0.0,165.0,0.0,,0.0
30.14269,118.154,1619.84,2009-12-31 23:08:11+00:00,6.664487529387192,1.4299999999998363,-167.0,-0.03990711095441432,0.2145701366675566,26.566155105793598
30.14269,118.154,1619.84,2009-12-31 23:11:00+00:00,0.0,0.0,169.0,0.0,,0.0
30.14274,118.15408,1622.37,2009-12-31 23:08:07+00:00,9.491497935811829,2.5299999999999727,-173.0,-0.05486414991798745,0.26655434338284734,38.723392568922534
30.14274,118.15408,1622.37,2009-12-31 23:11:03+00:00,0.0,0.0,176.0,0.0,,0.0
30.1428,118.15416,1623.39,2009-12-31 23:08:04+00:00,10.182789892801681,1.0200000000002092,-179.0,-0.056887094373193746,0.10016901170879089,38.49404361408643
30.1428,118.15416,1623.39,2009-12-31 23:11:07+00:00,0.0,0.0,183.0,0.0,,0.0
30.14286,118.15422,1623.03,2009-12-31 23:08:00+00:00,8.820370233942572,-0.36000000000012733,-187.0,-0.04716775526172499,-0.04081461327040155,32.40133284219349
30.14286,118.15422,1623.03,2009-12-31 23:11:10+00:00,0.0,0.0,190.0,0.0,,0.0
30.14291,118.15424,1623.51,2009-12-31 23:07:58+00:00,5.882973410659452,0.4800000000000182,-192.0,-0.030640486513851314,0.08159139375512027,22.04270427837406
30.14291,118.15424,1623.51,2009-12-31 23:11:12+00:00,0.0,0.0,194.0,0.0,,0.0
30.14297,118.15429,1624.31,2009-12-31 23:07:55+00:00,8.223607894969886,0.7999999999999545,-197.0,-0.04174420251253749,0.09728090276401535,31.044988421891507
30.14297,118.15429,1624.31,2009-12-31 23:11:15+00:00,0.0,0.0,200.0,0.0,,0.0
30.14298,118.15437,1624.53,2009-12-31 23:07:52+00:00,7.77263617381876,0.22000000000002728,-203.0,-0.038288848146890445,0.028304425304386722,28.377490225747586
30.14298,118.15437,1624.53,2009-12-31 23:11:18+00:00,0.0,0.0,206.0,0.0,,0.0
30.14296,118.15444,1623.91,2009-12-31 23:07:50+00:00,7.088967360778242,-0.6199999999998909,-208.0,-0.034081573849895394,-0.08745984689254176,26.636282498801474
30.14296,118.15444,1623.91,2009-12-31 23:11:21+00:00,0.0,0.0,211.0,0.0,,0.0
30.14295,118.15451,1622.75,2009-12-31 23:07:47+00:00,6.822329405798017,-1.1600000000000819,-214.0,-0.031880043952327186,-0.1700299019590355,26.64838586087301
30.14295,118.15451,1622.75,2009-12-31 23:11:23+00:00,0.0,0.0,216.0,0.0,,0.0
30.14295,118.15455,1622.24,2009-12-31 23:07:46+00:00,3.8463447552918613,-0.5099999999999909,-217.0,-0.017725091038211342,-0.1325934185432351,14.764841119050685
30.14295,118.15455,1622.24,2009-12-31 23:11:25+00:00,0.0,0.0,219.0,0.0,,0.0
30.14289,118.15475,1616.44,2009-12-31 23:07:39+00:00,20.356103422105416,-5.7999999999999545,-226.0,-0.09007125408011246,-0.28492682905617034,83.72197231957942
30.14289,118.15475,1616.44,2009-12-31 23:11:32+00:00,0.0,0.0,233.0,0.0,,0.0
30.1429,118.15492,1612.22,2009-12-31 23:07:33+00:00,16.38474902666634,-4.220000000000027,-239.0,-0.06855543525801816,-0.25755658467102155,66.58109649599888
30.1429,118.15492,1612.22,2009-12-31 23:11:38+00:00,0.0,0.0,245.0,0.0,,0.0
30.14287,118.15507,1607.3,2009-12-31 23:07:28+00:00,14.804524791697334,-4.920000000000073,-250.0,-0.059218099166789336,-0.3323308292042785,62.152289250110535
30.14287,118.15507,1607.3,2009-12-31 23:11:43+00:00,0.0,0.0,255.0,0.0,,0.0
30.14287,118.1553,1607.06,2009-12-31 23:07:20+00:00,22.116500275630443,-0.2400000000000091,-263.0,-0.08409315694156062,-0.01085162647837454,80.0514009922696
30.14287,118.1553,1607.06,2009-12-31 23:11:51+00:00,0.0,0.0,271.0,0.0,,0.0
30.14288,118.15542,1606.77,2009-12-31 23:07:15+00:00,11.59249521926778,-0.2899999999999636,-276.0,-0.04200179427270935,-0.02501618456723254,42.25498278936394
30.14288,118.15542,1606.77,2009-12-31 23:11:55+00:00,0.0,0.0,280.0,0.0,,0.0
30.14292,118.15556,1609.87,2009-12-31 23:07:10+00:00,14.177943789751948,3.099999999999909,-285.0,-0.0497471711921121,0.21864947738335938,56.620597643106855
30.14292,118.15556,1609.87,2009-12-31 23:12:00+00:00,0.0,0.0,290.0,0.0,,0.0
30.14286,118.15577,1604.12,2009-12-31 23:07:03+00:00,21.266917630580213,-5.75,-297.0,-0.07160578326794685,-0.27037298492809964,86.91090347008877
30.14286,118.15577,1604.12,2009-12-31 23:12:08+00:00,0.0,0.0,305.0,0.0,,0.0
30.14285,118.15593,1604.17,2009-12-31 23:06:57+00:00,15.425523479197869,0.0500000000001819,-311.0,-0.04959975395240472,0.0032413810829570572,55.621884525112655
30.14285,118.15593,1604.17,2009-12-31 23:12:14+00:00,0.0,0.0,317.0,0.0,,0.0
30.14282,118.15605,1602.97,2009-12-31 23:06:53+00:00,12.011557047276227,-1.2000000000000455,-321.0,-0.03741918083263622,-0.09990378393716746,45.4016053701945
30.14282,118.15605,1602.97,2009-12-31 23:12:18+00:00,0.0,0.0,325.0,0.0,,0.0
30.1427,118.15609,1596.19,2009-12-31 23:06:48+00:00,13.88670276220816,-6.779999999999973,-330.0,-0.04208091746123685,-0.4882368490273546,62.19612994394932
30.1427,118.15609,1596.19,2009-12-31 23:12:23+00:00,0.0,0.0,335.0,0.0,,0.0
30.14259,118.15606,1589.32,2009-12-31 23:06:43+00:00,12.567022525526113,-6.870000000000118,-340.0,-0.03696183095742974,-0.5466688697379023,57.607281091894215
30.14259,118.15606,1589.32,2009-12-31 23:12:27+00:00,0.0,0.0,344.0,0.0,,0.0
30.1425,118.15603,1583.54,2009-12-31 23:06:39+00:00,10.415028812417173,-5.779999999999973,-348.0,-0.02992824371384245,-0.5549672597265259,47.89810372470178
30.1425,118.15603,1583.54,2009-12-31 23:12:31+00:00,0.0,0.0,352.0,0.0,,0.0
30.14245,118.15602,1581.93,2009-12-31 23:06:37+00:00,5.64228997642837,-1.6099999999999,-354.0,-0.015938672249797656,-0.2853451358802809,23.21024391514195
30.14245,118.15602,1581.93,2009-12-31 23:12:33+00:00,0.0,0.0,356.0,0.0,,0.0
30.14238,118.15611,1582.38,2009-12-31 23:06:33+00:00,11.639691897405188,0.4500000000000455,-360.0,-0.03233247749279219,0.03866081713901405,42.71289083065876
30.14238,118.15611,1582.38,2009-12-31 23:12:37+00:00,0.0,0.0,364.0,0.0,,0.0
30.14235,118.15628,1582.55,2009-12-31 23:06:27+00:00,16.683953990845797,0.16999999999984539,-370.0,-0.045091767542826476,0.010189431120052328,60.368234367044586
30.14235,118.15628,1582.55,2009-12-31 23:12:43+00:00,0.0,0.0,376.0,0.0,,0.0
30.14237,118.1564,1583.97,2009-12-31 23:06:23+00:00,11.751452201225671,1.4200000000000728,-380.0,-0.030924874213751768,0.1208361294999751,44.861227924412546
30.14237,118.1564,1583.97,2009-12-31 23:12:48+00:00,0.0,0.0,385.0,0.0,,0.0
30.14243,118.15655,1587.97,2009-12-31 23:06:17+00:00,15.892125130563084,4.0,-391.0,-0.04064482130578794,0.25169698622038683,64.4116504700271
30.14243,118.15655,1587.97,2009-12-31 23:12:53+00:00,0.0,0.0,396.0,0.0,,0.0
30.14248,118.15665,1591.03,2009-12-31 23:06:13+00:00,11.107497777637324,3.0599999999999454,-400.0,-0.02776874444409331,0.2754895892178912,45.49499199949427
30.14248,118.15665,1591.03,2009-12-31 23:12:57+00:00,0.0,0.0,404.0,0.0,,0.0
30.1425,118.15684,1590.75,2009-12-31 23:06:07+00:00,18.40507442304662,-0.2799999999999727,-410.0,-0.04489042542206493,-0.015213195750480637,66.76226792296778
30.1425,118.15684,1590.75,2009-12-31 23:13:04+00:00,0.0,0.0,417.0,0.0,,0.0
30.14245,118.15707,1590.77,2009-12-31 23:05:58+00:00,22.80469863833304,0.01999999999998181,-426.0,-0.05353215642801183,0.0008770122472201086,82.13291509799892
30.14245,118.15707,1590.77,2009-12-31 23:13:12+00:00,0.0,0.0,434.0,0.0,,0.0
30.1424,118.15727,1593.87,2009-12-31 23:05:31+00:00,20.0193385142542,3.099999999999909,-461.0,-0.04342589699404382,0.154850271291064,77.64961865131495
30.1424,118.15727,1593.87,2009-12-31 23:05:51+00:00,0.0,0.0,20.0,0.0,,0.0
30.1424,118.15727,1593.87,2009-12-31 23:13:19+00:00,0.0,0.0,448.0,0.0,,0.0
30.14227,118.15724,1593.72,2009-12-31 23:13:25+00:00,14.740380037243323,-0.14999999999986358,6.0,2.4567300062072204,-0.010176128405161246,53.335368134075715
30.14211,118.15722,1591.93,2009-12-31 23:13:31+00:00,17.894832460547306,-1.7899999999999636,6.0,2.9824720767578845,-0.10002887727204891,67.64339685797023
30.14174,118.15732,1594.17,2009-12-31 23:13:46+00:00,42.250928915617045,2.240000000000009,15.0,2.8167285943744695,0.053016585847703024,156.1353440962214
30.14103,118.15771,1613.91,2009-12-31 23:14:18+00:00,87.40299624301952,19.74000000000001,32.0,2.73134363259436,0.22585038097680266,350.1827864748702
30.14064,118.15805,1620.82,2009-12-31 23:14:37+00:00,54.30976634524314,6.9099999999998545,19.0,2.858408755012797,0.12723310124505965,207.95315884287504
30.14069,118.15869,1622.35,2009-12-31 23:15:00+00:00,61.793562716118444,1.5299999999999727,23.0,2.6866766398312367,0.024759860618958653,225.21082577802636
30.14061,118.15894,1621.74,2009-12-31 23:15:09+00:00,25.633250582668303,-0.6099999999999,9.0,2.8481389536298116,-0.02379721596496802,93.37770209760572
30.14044,118.15911,1622.86,2009-12-31 23:15:18+00:00,24.99129878103712,1.1199999999998909,9.0,2.776810975670791,0.04481559801324626,91.98467561173344
30.14003,118.15905,1635.52,2009-12-31 23:15:34+00:00,45.9535630664003,12.660000000000082,16.0,2.8720976916500187,0.27549550361757796,188.22082703904124
30.13979,118.15919,1648.34,2009-12-31 23:15:45+00:00,29.890241373225024,12.819999999999936,11.0,2.717294670293184,0.4289025250724068,130.68086894361
30.13973,118.15905,1654.75,2009-12-31 23:15:50+00:00,15.025120562964046,6.410000000000082,5.0,3.0050241125928094,0.4266188729160895,65.62843402667072
30.13951,118.15894,1669.92,2009-12-31 23:16:00+00:00,26.651878849571116,15.170000000000073,10.0,2.6651878849571116,0.5691906407658082,123.25276385845615
30.13908,118.15854,1688.15,2009-12-31 23:16:22+00:00,61.36536184160425,18.230000000000018,22.0,2.7893346291638292,0.2970731281118351,253.7293026297753
30.13867,118.15885,1699.6,2009-12-31 23:16:42+00:00,54.47110168192304,11.449999999999818,20.0,2.723555084096152,0.2102032021834369,216.7059660549226
30.1385,118.15878,1702.66,2009-12-31 23:16:49+00:00,20.065900650615497,3.060000000000173,7.0,2.866557235802214,0.15249751572483297,77.74524234221609
30.13823,118.15875,1706.92,2009-12-31 23:17:00+00:00,30.160917245986088,4.259999999999991,11.0,2.741901567816917,0.14124238879263282,116.2473020855499
30.13738,118.159,1723.33,2009-12-31 23:17:35+00:00,97.5252812130083,16.409999999999854,35.0,2.7864366060859513,0.16826406236305244,380.6290123668296
30.13724,118.15901,1726.09,2009-12-31 23:17:41+00:00,15.59696327008532,2.759999999999991,6.0,2.599493878347553,0.17695752385937963,61.11706777230714
30.13714,118.1592,1728.37,2009-12-31 23:17:48+00:00,21.38878244053163,2.2799999999999727,7.0,3.055540348647376,0.10659793311466784,81.10361678591383
30.13699,118.15921,1731.68,2009-12-31 23:17:54+00:00,16.7069378340714,3.310000000000173,6.0,2.7844896390119,0.19812128547278743,66.10297620265735
30.13659,118.15901,1754.21,2009-12-31 23:18:12+00:00,48.45818043821559,22.529999999999973,18.0,2.692121135456422,0.46493697857115845,215.0034495775761
30.13634,118.15901,1760.65,2009-12-31 23:18:22+00:00,27.798731661272424,6.440000000000055,10.0,2.7798731661272424,0.23166524568356073,111.66743398058082
30.13616,118.15929,1762.72,2009-12-31 23:18:34+00:00,33.55035280201463,2.0699999999999363,12.0,2.795862733501219,0.06169830797951064,124.50727008725255
30.13603,118.15955,1765.66,2009-12-31 23:18:44+00:00,28.880889187855985,2.9400000000000546,10.0,2.8880889187855985,0.10179741977045097,109.26320107628165
30.13587,118.15971,1769.68,2009-12-31 23:18:53+00:00,23.521688954440428,4.019999999999982,9.0,2.6135209949378253,0.17090609470205947,91.91408023598551
30.1357,118.15988,1773.95,2009-12-31 23:19:02+00:00,24.991812391158792,4.269999999999982,9.0,2.776868043462088,0.17085595606945878,97.65652460817162
30.13558,118.16011,1778.68,2009-12-31 23:19:11+00:00,25.83132499039253,4.730000000000018,9.0,2.870147221154726,0.1831110096659483,101.50676996541314
30.13556,118.16042,1784.02,2009-12-31 23:19:22+00:00,29.894236317938812,5.339999999999918,11.0,2.7176578470853467,0.17862975134091358,117.23125074457957
30.13559,118.16067,1789.15,2009-12-31 23:19:30+00:00,24.271779155824255,5.130000000000109,8.0,3.033972394478032,0.21135657040489816,96.61240496096752
30.13543,118.16122,1801.02,2009-12-31 23:19:51+00:00,55.80330059798056,11.86999999999989,21.0,2.6573000284752646,0.21271143234902934,222.2578821527298
30.13508,118.16185,1796.61,2009-12-31 23:20:17+00:00,72.00783612261834,-4.410000000000082,26.0,2.769532158562244,-0.061243334579455015,267.1662100414262
30.13479,118.16239,1799.08,2009-12-31 23:20:39+00:00,61.12732762902818,2.4700000000000273,22.0,2.7785148922285536,0.04040745924621564,224.5043794645015
30.13456,118.16301,1813.5,2009-12-31 23:21:02+00:00,64.87692287200154,14.420000000000073,23.0,2.8207357770435455,0.22226701516731778,259.51292233920566
30.13451,118.16315,1815.42,2009-12-31 23:21:07+00:00,14.566149002964773,1.9200000000000728,5.0,2.9132298005929544,0.13181246461293777,55.89413641067331
30.13448,118.16321,1815.71,2009-12-31 23:21:10+00:00,6.664901558361905,0.2899999999999636,3.0,2.2216338527873014,0.04351152038189138,24.515645610102794
30.13443,118.16328,1815.4,2009-12-31 23:21:13+00:00,8.730769273254333,-0.30999999999994543,3.0,2.9102564244181113,-0.03550660775672922,31.9887693837155
30.13441,118.16334,1814.96,2009-12-31 23:21:15+00:00,6.183753514081304,-0.44000000000005457,2.0,3.091876757040652,-0.07115419445456724,23.05351265069279
30.13435,118.16338,1812.89,2009-12-31 23:21:18+00:00,7.7011985985020175,-2.0699999999999363,3.0,2.5670661995006725,-0.2687893285082374,31.450314954607148
30.1342,118.16356,1806.61,2009-12-31 23:21:26+00:00,24.038212066929226,-6.2800000000002,8.0,3.0047765083661533,-0.261250711264003,97.84156344094558
30.13413,118.16361,1803.3,2009-12-31 23:21:30+00:00,9.14906789037569,-3.3099999999999454,4.0,2.2872669725939225,-0.3617854889329088,38.89464440535239
30.13405,118.16372,1802.88,2009-12-31 23:21:35+00:00,13.821508377227266,-0.4199999999998454,5.0,2.764301675445453,-0.030387421440329195,50.51343015801788
30.13398,118.16387,1805.61,2009-12-31 23:21:40+00:00,16.391113528214838,2.729999999999791,5.0,3.2782227056429676,0.16655366307484273,63.922008701573034
30.13377,118.16413,1802.32,2009-12-31 23:21:53+00:00,34.2117401087526,-3.2899999999999636,13.0,2.6316723160578923,-0.09616581879616999,129.0842643915093
30.13361,118.1642,1795.72,2009-12-31 23:22:00+00:00,19.022161681981416,-6.599999999999909,7.0,2.717451668854488,-0.34696372107128626,80.35978205513294
30.13353,118.16422,1789.4,2009-12-31 23:22:03+00:00,9.101147735046618,-6.319999999999936,3.0,3.033715911682206,-0.6944179112336499,44.14013184616771
30.13346,118.1642,1784.9,2009-12-31 23:22:06+00:00,8.017757052322006,-4.5,3.0,2.6725856841073354,-0.5612542224258048,36.96392538835922
30.13337,118.16411,1778.34,2009-12-31 23:22:11+00:00,13.231095445105431,-6.560000000000173,5.0,2.6462190890210864,-0.4958017291324815,59.43994360237987
30.13322,118.16392,1767.74,2009-12-31 23:22:19+00:00,24.73985165623684,-10.599999999999909,8.0,3.092481457029605,-0.42845851087905296,108.14346596245247
30.133,118.16375,1756.0,2009-12-31 23:22:30+00:00,29.422937510376897,-11.740000000000009,11.0,2.674812500943354,-0.39900842653319507,127.05457503735686
30.13282,118.16362,1751.07,2009-12-31 23:22:39+00:00,23.598750160701954,-4.930000000000064,9.0,2.622083351189106,-0.20890936877707167,93.82950057852715
30.13273,118.1636,1748.06,2009-12-31 23:22:42+00:00,10.190695736183722,-3.009999999999991,3.0,3.396898578727907,-0.2953674683184286,42.10450465026138
30.13243,118.16333,1740.95,2009-12-31 23:22:57+00:00,42.272900501191685,-7.1099999999999,15.0,2.8181933667461125,-0.16819285915333554,164.98044180428988
30.13242,118.16326,1740.02,2009-12-31 23:23:00+00:00,6.823038029397569,-0.9300000000000637,3.0,2.27434600979919,-0.13630291902127603,26.236936905831364
30.13237,118.16326,1739.44,2009-12-31 23:23:02+00:00,5.559746332017458,-0.5799999999999272,2.0,2.779873166008729,-0.10432130629050902,21.05908679526272
30.13232,118.16323,1738.64,2009-12-31 23:23:04+00:00,6.263736898325387,-0.7999999999999545,2.0,3.1318684491626936,-0.12771928530616203,23.98945283397131
30.13224,118.16314,1737.43,2009-12-31 23:23:09+00:00,12.4114575893121,-1.2100000000000364,5.0,2.48229151786242,-0.09749056396422011,46.859247321523625
30.13216,118.16304,1736.56,2009-12-31 23:23:13+00:00,13.100249638492567,-0.8700000000001182,4.0,3.2750624096231418,-0.0664109481886353,48.72689869857345
30.13213,118.16293,1735.01,2009-12-31 23:23:17+00:00,11.092104824568185,-1.5499999999999545,4.0,2.7730262061420463,-0.13973903280888764,42.72157736844539
30.13208,118.16284,1733.78,2009-12-31 23:23:21+00:00,10.287066123636635,-1.2300000000000182,4.0,2.5717665309091586,-0.1195676187182118,39.24743804509192
30.13201,118.16276,1733.02,2009-12-31 23:23:25+00:00,10.944207530177419,-0.7599999999999909,4.0,2.7360518825443547,-0.06944312760009133,40.767147108638696
30.13196,118.16264,1733.41,2009-12-31 23:23:30+00:00,12.809749456737594,0.39000000000010004,5.0,2.5619498913475187,0.03044556033802599,46.817098044255516
30.13191,118.16253,1733.88,2009-12-31 23:23:34+00:00,11.950655392626821,0.4700000000000273,4.0,2.9876638481567053,0.039328386984533295,43.8683594134566
30.13187,118.16249,1733.99,2009-12-31 23:23:36+00:00,5.880525740229326,0.10999999999989996,2.0,2.940262870114663,0.018705810476668406,21.367892664825394
30.13182,118.16243,1734.09,2009-12-31 23:23:39+00:00,8.012839645375154,0.09999999999990905,3.0,2.6709465484583848,0.012479970201029419,29.02622272335039
30.13181,118.16232,1734.29,2009-12-31 23:23:43+00:00,10.636920997847465,0.20000000000004547,4.0,2.6592302494618663,0.018802433527570467,38.652915592250956
30.1318,118.16221,1734.65,2009-12-31 23:23:47+00:00,10.636922062303082,0.36000000000012733,4.0,2.6592305155757705,0.03384437696276407,38.94091942429132
30.1318,118.16211,1735.35,2009-12-31 23:23:50+00:00,9.61694832901906,0.6999999999998181,3.0,3.205649443006353,0.07278816273636139,35.88101398446829
30.1318,118.16209,1735.49,2009-12-31 23:23:51+00:00,1.9233896649838806,0.14000000000010004,1.0,1.9233896649838806,0.07278816276746156,7.17620279394215
30.13181,118.162,1736.08,2009-12-31 23:23:54+00:00,8.726387377392935,0.5899999999999181,3.0,2.908795792464312,0.06761102555777034,32.47699455861442
30.1318,118.1619,1736.86,2009-12-31 23:23:57+00:00,9.68101838475212,0.7799999999999727,3.0,3.2270061282507068,0.08057003602312077,36.255666185107586
30.1318,118.16185,1737.24,2009-12-31 23:23:59+00:00,4.8084741645096445,0.38000000000010914,2.0,2.4042370822548222,0.07902714811380515,17.994506992234918
30.13179,118.16185,1737.35,2009-12-31 23:23:59+00:00,1.1119492664034916,0.10999999999989996,0.0,inf,0.09892537665471547,4.20101735905239
30.13178,118.16179,1738.01,2009-12-31 23:24:02+00:00,5.876333172265498,0.6600000000000819,3.0,1.9587777240884992,0.11231493869596788,22.342799420155938
30.13175,118.16174,1739.06,2009-12-31 23:24:04+00:00,5.852291920784472,1.0499999999999545,2.0,2.926145960392236,0.1794168873003189,22.958250914824017
30.13171,118.16168,1740.71,2009-12-31 23:24:06+00:00,7.285450995162656,1.650000000000091,2.0,3.642725497581328,0.22647877270681618,29.19762358258573
30.13164,118.16162,1742.69,2009-12-31 23:24:10+00:00,9.689172408983607,1.9800000000000182,4.0,2.4222931022459018,0.20435181834149238,38.445020672341016
30.13161,118.16158,1743.67,2009-12-31 23:24:12+00:00,5.091723110370822,0.9800000000000182,2.0,2.545861555185411,0.1924692248099576,20.09420319733499
30.13156,118.16157,1745.24,2009-12-31 23:24:14+00:00,5.642308061176644,1.5699999999999363,2.0,2.821154030588322,0.2782549238675439,23.138309020235805
30.13153,118.16155,1746.4,2009-12-31 23:24:15+00:00,3.850626891256911,1.1600000000000819,1.0,3.850626891256911,0.30124964915035896,15.950256808525026
30.1315,118.16155,1747.36,2009-12-31 23:24:16+00:00,3.335847799605519,0.959999999999809,1.0,3.335847799605519,0.2877829138707509,13.737052078579525
30.13147,118.16158,1747.79,2009-12-31 23:24:18+00:00,4.410402047811929,0.43000000000006366,2.0,2.2052010239059645,0.09749678041560714,16.65144737212306
30.13144,118.16158,1748.68,2009-12-31 23:24:19+00:00,3.3358477992104754,0.8900000000001,1.0,3.3358477992104754,0.2667987430993537,13.611052077157892
30.1314,118.16159,1749.61,2009-12-31 23:24:21+00:00,4.550578294349289,0.9299999999998363,2.0,2.2752891471746444,0.20436962949405135,18.056081859657144
30.13136,118.16161,1750.4,2009-12-31 23:24:22+00:00,4.845859884490688,0.790000000000191,1.0,4.845859884490688,0.16302576195581067,18.86709558416682
30.13132,118.16164,1751.21,2009-12-31 23:24:24+00:00,5.301574189347293,0.8099999999999454,2.0,2.6507870946736465,0.15278480901531422,20.543667081650156
30.13129,118.16166,1752.02,2009-12-31 23:24:26+00:00,3.8506292270363014,0.8099999999999454,2.0,1.9253146135181507,0.21035523085752272,15.320265217330588
30.13127,118.16168,1752.59,2009-12-31 23:24:27+00:00,2.9402706453450196,0.5699999999999363,1.0,2.9402706453450196,0.1938597050248927,11.610974323241956
30.13124,118.1617,1753.59,2009-12-31 23:24:28+00:00,3.850629713997654,1.0,1.0,3.850629713997654,0.2596977830313936,15.662266970391554
30.13122,118.1617,1754.38,2009-12-31 23:24:29+00:00,2.2238985328069827,0.790000000000191,1.0,2.2238985328069827,0.35523203435143275,9.428034718105483
30.13118,118.1617,1755.94,2009-12-31 23:24:31+00:00,4.447797065613965,1.5599999999999454,2.0,2.2238985328069827,0.35073542632157073,18.820069436210176
30.13115,118.1617,1757.12,2009-12-31 23:24:32+00:00,3.3358477992104754,1.1799999999998363,1.0,3.3358477992104754,0.353733165008043,14.133052077157416
30.13112,118.1617,1758.29,2009-12-31 23:24:33+00:00,3.335847799605519,1.1700000000000728,1.0,3.335847799605519,0.35073542628006926,14.11505207858
30.13104,118.1617,1760.21,2009-12-31 23:24:36+00:00,8.895594131622975,1.9200000000000728,3.0,2.965198043874325,0.21583718541908953,35.48013887384284
30.13101,118.16171,1760.77,2009-12-31 23:24:37+00:00,3.471707362892741,0.5599999999999454,1.0,3.471707362892741,0.161303918062188,13.506146506413769
30.13097,118.16172,1761.57,2009-12-31 23:24:39+00:00,4.550579179266458,0.7999999999999545,2.0,2.275289589633229,0.17580179763599071,17.822085045359167
30.13091,118.16171,1762.99,2009-12-31 23:24:41+00:00,6.740652433558553,1.4200000000000728,2.0,3.3703262167792767,0.21066210044157704,26.82234876081092
30.13083,118.16171,1764.7,2009-12-31 23:24:45+00:00,8.895594131622975,1.7100000000000364,4.0,2.2238985329057437,0.1922299932638734,35.102138873842776
30.13074,118.1617,1765.14,2009-12-31 23:24:48+00:00,10.053646146275055,0.44000000000005457,3.0,3.351215382091685,0.04376521647950357,36.985126126590295
30.13067,118.16171,1765.37,2009-12-31 23:24:51+00:00,7.842831431186183,0.22999999999979082,3.0,2.6142771437287275,0.029326143500320603,28.648193152269883
30.13058,118.16172,1765.7,2009-12-31 23:24:55+00:00,10.053646295376657,0.3300000000001546,4.0,2.5134115738441642,0.032823911872840686,36.78712666335624
30.13047,118.16176,1766.59,2009-12-31 23:24:59+00:00,12.82210065408836,0.8899999999998727,4.0,3.20552516352209,0.0694114033269653,47.76156235471786
30.13043,118.16178,1766.85,2009-12-31 23:25:01+00:00,4.845867076653475,0.2599999999999909,2.0,2.4229335383267374,0.05365396860607767,17.91312147595249
30.13039,118.1618,1767.05,2009-12-31 23:25:03+00:00,4.845867386895629,0.20000000000004547,2.0,2.4229336934478143,0.041272280900813085,17.805122592824347
30.13036,118.16182,1767.1,2009-12-31 23:25:04+00:00,3.850638278745134,0.049999999999954525,1.0,3.850638278745134,0.012984860270035228,13.952297803482402
30.1303,118.16182,1767.6,2009-12-31 23:25:07+00:00,6.671695598815992,0.5,3.0,2.223898532938664,0.07494346715829386,24.918104155737574
30.13021,118.16179,1767.9,2009-12-31 23:25:10+00:00,10.415128322495834,0.3000000000001819,3.0,3.4717094408319444,0.02880425384219282,38.034461960985325
30.13015,118.16179,1767.61,2009-12-31 23:25:13+00:00,6.671695598815992,-0.290000000000191,3.0,2.223898532938664,-0.043467210951839065,24.540104155737914
30.13014,118.16179,1767.56,2009-12-31 23:25:13+00:00,1.1119492664034916,-0.049999999999954525,0.0,inf,-0.04496608029759794,4.093017359052488
30.1301,118.16179,1767.37,2009-12-31 23:25:15+00:00,4.44779706600901,-0.19000000000005457,2.0,2.223898533004505,-0.04271777627897506,16.354069437632536
30.13006,118.1618,1766.95,2009-12-31 23:25:16+00:00,4.55058105278968,-0.4199999999998454,1.0,4.55058105278968,-0.09229590575963245,17.138091790042573
30.13005,118.16181,1766.67,2009-12-31 23:25:17+00:00,1.4701431292958245,-0.2799999999999727,1.0,1.4701431292958245,-0.1904576462116912,5.79651526546492
30.13003,118.16181,1766.56,2009-12-31 23:25:18+00:00,2.2238985328069827,-0.11000000000012733,1.0,2.2238985328069827,-0.04946268832745999,8.204034718105367
30.13,118.16182,1766.14,2009-12-31 23:25:19+00:00,3.4717100888741794,-0.4199999999998454,1.0,3.4717100888741794,-0.12097784355491639,13.254156319946768
30.12999,118.16182,1765.79,2009-12-31 23:25:19+00:00,1.1119492664034916,-0.3500000000001364,0.0,inf,-0.31476256208359454,4.633017359052816
30.12995,118.16183,1764.13,2009-12-31 23:25:21+00:00,4.550581278968335,-1.6599999999998545,2.0,2.2752906394841674,-0.364788561776045,19.37009260428574
30.12993,118.16185,1762.87,2009-12-31 23:25:22+00:00,2.9402877243011534,-1.2600000000002183,1.0,2.9402877243011534,-0.4285294903578508,12.853035807484545
30.12986,118.16187,1759.74,2009-12-31 23:25:25+00:00,8.017773878875897,-3.1299999999998818,3.0,2.672591292958632,-0.39038267320638287,34.49798596395301
30.1298,118.1619,1756.55,2009-12-31 23:25:28+00:00,7.268807808199177,-3.1900000000000546,3.0,2.4229359360663922,-0.4388615140438507,31.909708109517133
30.12977,118.16192,1754.73,2009-12-31 23:25:29+00:00,3.850644020013281,-1.8199999999999363,1.0,3.850644020013281,-0.47264820911533106,17.138318472047697
30.12975,118.16195,1753.03,2009-12-31 23:25:30+00:00,3.6427710987689093,-1.7000000000000455,1.0,3.6427710987689093,-0.466677689568408,16.173975955568153
30.12967,118.16213,1747.61,2009-12-31 23:25:37+00:00,19.462731968733006,-5.420000000000073,7.0,2.7803902812475725,-0.2784809454657925,79.82183508743894
30.12964,118.16218,1745.65,2009-12-31 23:25:39+00:00,5.852376367055348,-1.959999999999809,2.0,2.926188183527674,-0.33490669038874415,24.596554921398912
30.12962,118.16223,1744.13,2009-12-31 23:25:41+00:00,5.297939692127277,-1.5199999999999818,2.0,2.6489698460636384,-0.28690398311983384,21.808582891658162
30.12959,118.16231,1742.25,2009-12-31 23:25:44+00:00,8.385783071736835,-1.8800000000001091,3.0,2.7952610239122784,-0.2241889617126394,33.572819058252804
30.12957,118.16238,1741.32,2009-12-31 23:25:47+00:00,7.0898345247097545,-0.9300000000000637,3.0,2.3632781749032516,-0.13117372440200023,27.19740428895523
30.12954,118.16246,1740.66,2009-12-31 23:25:50+00:00,8.385786645692756,-0.6599999999998545,3.0,2.7952622152309186,-0.07870460195154791,31.376831924493658
30.1295,118.16255,1738.74,2009-12-31 23:25:53+00:00,9.731380800618876,-1.9200000000000728,3.0,3.243793600206292,-0.19729985285109475,38.48897088222808
30.12948,118.16262,1736.16,2009-12-31 23:25:56+00:00,7.0898403534513985,-2.5799999999999272,3.0,2.363280117817133,-0.36390100078120374,30.1674252724249
30.12948,118.1627,1733.42,2009-12-31 23:25:59+00:00,7.693739472045056,-2.740000000000009,3.0,2.5645798240150186,-0.35613371234569446,32.62946209936222
30.12944,118.1627,1732.6,2009-12-31 23:26:00+00:00,4.44779706600901,-0.8200000000001637,1.0,4.44779706600901,-0.18436092920398148,17.48806943763273
30.12941,118.16276,1729.34,2009-12-31 23:26:03+00:00,6.665158127937005,-3.259999999999991,3.0,2.2217193759790015,-0.4891106763597556,29.8625692605732
30.12937,118.16283,1726.73,2009-12-31 23:26:06+00:00,8.068649334555612,-2.6099999999999,3.0,2.6895497781852042,-0.32347421380949726,33.74513760440003
30.12933,118.16284,1725.41,2009-12-31 23:26:07+00:00,4.550582556086879,-1.3199999999999363,1.0,4.550582556086879,-0.2900727508468775,18.75809720191265
30.1293,118.16288,1724.3,2009-12-31 23:26:09+00:00,5.091791116259609,-1.1100000000001273,2.0,2.5458955581298044,-0.21799794505622314,20.32844801853482
30.12928,118.16295,1723.55,2009-12-31 23:26:12+00:00,7.089853301974508,-0.75,3.0,2.363284433991503,-0.10578498144540265,26.87347188710823
30.12926,118.16301,1723.07,2009-12-31 23:26:14+00:00,6.184034408889964,-0.4800000000000182,2.0,3.092017204444982,-0.07761923176073957,23.126523872003904
30.12925,118.16307,1722.8,2009-12-31 23:26:16+00:00,5.876478381945366,-0.2699999999999818,2.0,2.938239190972683,-0.045945885009892655,21.641322175003285
30.12921,118.16308,1722.21,2009-12-31 23:26:18+00:00,4.550582802463658,-0.5899999999999181,2.0,2.275291401231829,-0.12965372252549623,17.44409808886902
30.12918,118.16304,1722.05,2009-12-31 23:26:19+00:00,5.091794648936081,-0.16000000000008185,1.0,5.091794648936081,-0.03142310541402401,18.61846073617004
30.12917,118.16294,1721.24,2009-12-31 23:26:23+00:00,9.681272898204114,-0.8099999999999454,4.0,2.4203182245510284,-0.0836666839698529,36.31058243353471
30.12914,118.16297,1720.53,2009-12-31 23:26:25+00:00,4.4104465929846155,-0.7100000000000364,2.0,2.2052232964923077,-0.16098143011852428,17.15560773474468
30.12912,118.16293,1719.52,2009-12-31 23:26:26+00:00,4.443448703231595,-1.009999999999991,1.0,4.443448703231595,-0.22730092490219284,17.81441533163372
30.12911,118.16292,1719.09,2009-12-31 23:26:27+00:00,1.4701491195268974,-0.43000000000006366,1.0,1.4701491195268974,-0.2924873363447921,6.066536830296945
30.12909,118.16292,1718.41,2009-12-31 23:26:27+00:00,2.2238985328069827,-0.6799999999998363,0.0,inf,-0.3057693460238705,9.230034718104843
30.12907,118.16291,1717.62,2009-12-31 23:26:28+00:00,2.422938836282603,-0.790000000000191,1.0,2.422938836282603,-0.3260503270533438,10.144579810617715
30.12908,118.16289,1717.75,2009-12-31 23:26:29+00:00,2.2217252787176034,0.13000000000010914,1.0,2.2217252787176034,0.05851308496392773,8.232211003383568
30.12906,118.16288,1716.94,2009-12-31 23:26:30+00:00,2.4229388745860208,-0.8099999999999454,1.0,2.4229388745860208,-0.3343047604279083,10.180579948509576
30.12901,118.16305,1717.41,2009-12-31 23:26:36+00:00,17.268740868614795,0.4700000000000273,6.0,2.878123478102466,0.02721680773230157,63.013467127013314
30.12905,118.16306,1718.61,2009-12-31 23:26:38+00:00,4.550583214504039,1.199999999999818,2.0,2.2752916072520195,0.2637024626151363,18.542099572214212
30.12906,118.16313,1718.37,2009-12-31 23:26:40+00:00,6.823264767557828,-0.2400000000000091,2.0,3.411632383778914,-0.03517377797518907,24.9957531632082
30.12903,118.16315,1717.54,2009-12-31 23:26:42+00:00,3.850651222357153,-0.8299999999999272,2.0,1.9253256111785766,-0.21554795593558007,15.35634440048562
30.129,118.16323,1716.57,2009-12-31 23:26:45+00:00,8.385825255780121,-0.9700000000000273,3.0,2.7952750852600405,-0.1156713824118184,31.934970920808485
30.129,118.16329,1716.36,2009-12-31 23:26:47+00:00,5.770332660163367,-0.21000000000003638,2.0,2.8851663300816837,-0.036393049130392936,21.15119757658819
30.12895,118.16328,1715.68,2009-12-31 23:26:49+00:00,5.642312395335229,-0.6799999999998363,2.0,2.8211561976676145,-0.12051796362108999,21.536324623206532
30.12892,118.16325,1715.2,2009-12-31 23:26:50+00:00,4.410450798836395,-0.4800000000000182,1.0,4.410450798836395,-0.1088324123526457,16.741622875811053
30.1289,118.16319,1714.71,2009-12-31 23:26:53+00:00,6.1840540425474355,-0.4900000000000091,3.0,2.061351347515812,-0.0792360475229871,23.144594553170784
30.12889,118.16313,1714.29,2009-12-31 23:26:55+00:00,5.876499043380031,-0.42000000000007276,2.0,2.9382495216900155,-0.07147112539279818,21.911396556168242
30.12888,118.16309,1713.61,2009-12-31 23:26:56+00:00,4.004374647098033,-0.6800000000000637,1.0,4.004374647098033,-0.16981428061254436,15.639748729553034
30.12884,118.16308,1711.27,2009-12-31 23:26:58+00:00,4.550583564491533,-2.339999999999918,2.0,2.2752917822457666,-0.5142197625506921,20.59410083216937
30.12878,118.16309,1707.85,2009-12-31 23:27:00+00:00,6.740655393998875,-3.4200000000000728,2.0,3.3703276969994374,-0.5073690613296828,30.422359418396084
30.12873,118.1631,1705.01,2009-12-31 23:27:02+00:00,5.642312760234069,-2.839999999999918,2.0,2.8211563801170345,-0.5033396978656854,25.4243259368425
30.12871,118.16326,1704.43,2009-12-31 23:27:08+00:00,15.54747176959014,-0.5799999999999272,6.0,2.59124529493169,-0.03730510070031901,57.01489837052438
30.12873,118.1634,1707.46,2009-12-31 23:27:13+00:00,13.646574612749307,3.0299999999999727,5.0,2.7293149225498614,0.22203374003973103,54.581668605897455
30.12873,118.16348,1709.39,2009-12-31 23:27:16+00:00,7.693797922020659,1.9300000000000637,3.0,2.56459930734022,0.2508514025922296,31.17167251927449
30.1287,118.16361,1711.13,2009-12-31 23:27:20+00:00,12.939801947465305,1.740000000000009,4.0,3.2349504868663264,0.13446882781237982,49.715287010875116
30.12867,118.16367,1711.03,2009-12-31 23:27:23+00:00,6.665195571783366,-0.10000000000013642,3.0,2.221731857261122,-0.015003310694059654,24.174704058420364
30.1286,118.16373,1709.14,2009-12-31 23:27:26+00:00,9.689278229089263,-1.8899999999998727,3.0,3.229759409696421,-0.19506096897142378,38.28340162472112
30.12861,118.16385,1712.13,2009-12-31 23:27:30+00:00,11.59415598197413,2.990000000000009,4.0,2.8985389954935323,0.2578885435601069,47.12096153510688
30.12858,118.1639,1712.73,2009-12-31 23:27:32+00:00,5.852418788161391,0.599999999999909,2.0,2.9262093940806957,0.1025217131100774,22.148707637380845
30.12855,118.16394,1713.52,2009-12-31 23:27:34+00:00,5.091813195308637,0.7899999999999636,2.0,2.5459065976543185,0.1551510178589885,19.752527503111025
30.12854,118.164,1715.46,2009-12-31 23:27:36+00:00,5.876519130526664,1.9400000000000546,2.0,2.938259565263332,0.3301274031292379,24.64746886989609
30.12852,118.16401,1715.39,2009-12-31 23:27:37+00:00,2.4229409625381666,-0.06999999999993634,1.0,2.4229409625381666,-0.028890509955557236,8.848587465137285
30.12847,118.16405,1715.75,2009-12-31 23:27:40+00:00,6.7608787404072785,0.35999999999989996,3.0,2.253626246802426,0.053247516162109626,24.987163465466022
30.12842,118.16405,1714.67,2009-12-31 23:27:42+00:00,5.559746332412502,-1.0799999999999272,2.0,2.779873166206251,-0.19425346687198414,21.959086796684876
30.12838,118.16405,1713.81,2009-12-31 23:27:43+00:00,4.447797065613965,-0.8600000000001273,1.0,4.447797065613965,-0.19335414527987566,17.560069436210505
30.12835,118.16403,1712.44,2009-12-31 23:27:45+00:00,3.8506578399942972,-1.3699999999998909,2.0,1.9253289199971486,-0.35578336401915156,16.328368223979275
30.12831,118.16402,1711.45,2009-12-31 23:27:46+00:00,4.550584656007346,-0.9900000000000091,1.0,4.550584656007346,-0.21755446274207516,18.16410476162646
30.12828,118.16402,1711.1,2009-12-31 23:27:48+00:00,3.3358477992104754,-0.3500000000001364,2.0,1.6679238996052377,-0.10492085402786483,12.639052077157956
30.12825,118.16399,1709.41,2009-12-31 23:27:49+00:00,4.4104636074284285,-1.6899999999998272,1.0,4.4104636074284285,-0.3831796723485949,18.919668986742032
30.12821,118.16397,1707.85,2009-12-31 23:27:51+00:00,4.845884244822262,-1.5600000000001728,2.0,2.422942122411131,-0.32192267111353395,20.253183281360453
30.1282,118.16397,1707.68,2009-12-31 23:27:51+00:00,1.1119492664034916,-0.16999999999984539,0.0,inf,-0.152884673011833,4.309017359052292
30.12815,118.16399,1707.94,2009-12-31 23:27:53+00:00,5.8830671228777,0.2599999999999909,2.0,2.94153356143885,0.044194634290151025,21.647041642359703
30.12812,118.16399,1707.5,2009-12-31 23:27:55+00:00,3.335847799605519,-0.44000000000005457,2.0,1.6679238998027595,-0.13190050219080343,12.801052078579966
30.12806,118.16388,1699.66,2009-12-31 23:27:59+00:00,12.50710296945411,-7.839999999999918,4.0,3.1267757423635274,-0.6268438038087174,59.13757069003464
30.12805,118.16387,1699.0,2009-12-31 23:28:00+00:00,1.4701558743043206,-0.6600000000000819,1.0,1.4701558743043206,-0.448931988461696,6.480561147495702
30.12801,118.16379,1694.45,2009-12-31 23:28:03+00:00,8.886971621063784,-4.5499999999999545,3.0,2.9623238736879283,-0.5119854314843995,40.18309783582954
30.128,118.16377,1693.27,2009-12-31 23:28:04+00:00,2.2217433274744365,-1.1800000000000637,1.0,2.2217433274744365,-0.5311144565657038,10.122275978908085
30.12796,118.16376,1692.18,2009-12-31 23:28:05+00:00,4.550585376172102,-1.0899999999999181,1.0,4.550585376172102,-0.23952962309143908,18.34410735421942
30.12792,118.16374,1690.47,2009-12-31 23:28:07+00:00,4.845886487402986,-1.7100000000000364,2.0,2.422943243701493,-0.35287661080077465,20.523191354650812
30.12789,118.16373,1689.44,2009-12-31 23:28:08+00:00,3.4717157823896665,-1.0299999999999727,1.0,3.4717157823896665,-0.2966832726413447,14.35217681660275
30.12784,118.16371,1687.43,2009-12-31 23:28:10+00:00,5.883069098303993,-2.009999999999991,2.0,2.9415345491519966,-0.3416584042127681,24.797048753894362
30.12783,118.1637,1686.65,2009-12-31 23:28:11+00:00,1.4701572753234144,-0.7799999999999727,1.0,1.4701572753234144,-0.5305554807586035,6.696566191164243
30.1278,118.16369,1685.5,2009-12-31 23:28:12+00:00,3.471716025251693,-1.150000000000091,1.0,3.471716025251693,-0.3312482909418601,14.568177690906259
30.12776,118.16368,1684.42,2009-12-31 23:28:14+00:00,4.550585788299271,-1.0799999999999272,2.0,2.2752928941496355,-0.23733208211938023,18.326108837877246
30.12774,118.16367,1683.73,2009-12-31 23:28:15+00:00,2.4229439784261664,-0.6900000000000546,1.0,2.4229439784261664,-0.28477752937905193,9.964598322334297
30.12769,118.16364,1681.77,2009-12-31 23:28:17+00:00,6.263799223781841,-1.9600000000000364,2.0,3.1318996118909204,-0.31290913549056315,26.07767720561469
30.12763,118.16365,1682.3,2009-12-31 23:28:19+00:00,6.740656992305854,0.5299999999999727,2.0,3.370328496152927,0.07862735050974157,25.220365172301026
30.12754,118.16365,1682.16,2009-12-31 23:28:23+00:00,10.007543398026467,-0.13999999999987267,4.0,2.5018858495066167,-0.013989447203144911,36.27915623289505
30.12745,118.16366,1682.97,2009-12-31 23:28:27+00:00,10.053649211949873,0.8099999999999454,4.0,2.513412302987468,0.08056776031504768,37.65113716301945
30.12747,118.16373,1686.59,2009-12-31 23:28:29+00:00,7.089971790635725,3.619999999999891,2.0,3.5449858953178626,0.5105803107398967,32.03989844628841
30.12753,118.16385,1693.18,2009-12-31 23:28:34+00:00,13.330511067065519,6.5900000000001455,5.0,2.6661022134131036,0.4943546400318784,59.85183984143613
30.12761,118.16399,1705.58,2009-12-31 23:28:40+00:00,16.137505761116575,12.399999999999864,6.0,2.689584293519429,0.7683963174704324,80.41502074001943
30.12768,118.16414,1719.59,2009-12-31 23:28:46+00:00,16.391932727842217,14.009999999999991,6.0,2.731988787973703,0.8546887199093711,84.22895782023197
30.12766,118.16417,1722.26,2009-12-31 23:28:47+00:00,3.642819473121571,2.6700000000000728,1.0,3.642819473121571,0.7329487556824004,17.920150103237788
30.12748,118.16407,1712.58,2009-12-31 23:28:55+00:00,22.205794750373023,-9.680000000000064,8.0,2.775724343796628,-0.43592224952171343,97.364861101343
30.12742,118.16395,1701.1,2009-12-31 23:29:00+00:00,13.33051612678678,-11.480000000000018,5.0,2.666103225357356,-0.8611819595590696,68.65385805643244
30.12736,118.16383,1692.43,2009-12-31 23:29:05+00:00,13.330522198878064,-8.669999999999845,5.0,2.666104439775613,-0.6503871244240933,63.59587991596075
30.12725,118.16368,1685.3,2009-12-31 23:29:11+00:00,18.913485564909596,-7.130000000000109,6.0,3.1522475941515995,-0.3769796939612484,80.92254803367474
30.12718,118.16345,1667.68,2009-12-31 23:29:20+00:00,23.449518146184708,-17.61999999999989,9.0,2.6055020162427454,-0.7514013674036499,116.13426532626475
30.12718,118.16343,1666.04,2009-12-31 23:29:20+00:00,1.92347967688371,-1.6400000000001,0.0,inf,-0.8526214338053811,9.876526836781535
30.12719,118.16341,1664.62,2009-12-31 23:29:21+00:00,2.221757157965343,-1.4200000000000728,1.0,2.221757157965343,-0.6391337572196643,10.554325768675366
30.12714,118.16342,1664.31,2009-12-31 23:29:23+00:00,5.642315400222457,-0.30999999999994543,2.0,2.8211577001112285,-0.05494198356719357,20.870335440800748
30.1271,118.16344,1665.02,2009-12-31 23:29:25+00:00,4.845892828417498,0.7100000000000364,2.0,2.422946414208749,0.14651582796805226,18.72321418230306
30.12703,118.16347,1665.82,2009-12-31 23:29:28+00:00,8.301182954089668,0.7999999999999545,3.0,2.767060984696556,0.09637180681650026,31.324258634722725
30.12699,118.16355,1671.27,2009-12-31 23:29:31+00:00,8.887040436047112,5.4500000000000455,3.0,2.962346812015704,0.6132525264422184,41.80334556976969
30.12697,118.16361,1675.56,2009-12-31 23:29:33+00:00,6.184159298061645,4.289999999999964,2.0,3.0920796490308224,0.6937078741397583,29.984973473021856
30.12695,118.16365,1678.47,2009-12-31 23:29:35+00:00,4.443521904541753,2.910000000000082,2.0,2.2217609522708766,0.6548859356416701,21.234678856350456
30.12692,118.16369,1681.37,2009-12-31 23:29:37+00:00,5.0918611792316195,2.8999999999998636,2.0,2.5459305896158098,0.569536343965584,23.550700245233585
30.12691,118.16372,1683.88,2009-12-31 23:29:38+00:00,3.0920814207797815,2.5100000000002183,1.0,3.0920814207797815,0.8117509400406506,15.649493114807607
30.12687,118.16377,1687.93,2009-12-31 23:29:40+00:00,6.550314688320061,4.0499999999999545,2.0,3.2751573441600303,0.6182909055074186,30.871132877952135
30.12685,118.16381,1691.51,2009-12-31 23:29:42+00:00,4.443525277768583,3.5799999999999272,2.0,2.2217626388842917,0.8056666219298982,22.440690999966773
30.12682,118.16384,1694.22,2009-12-31 23:29:44+00:00,4.410490944771475,2.7100000000000364,2.0,2.2052454723857373,0.6144440684574294,20.755767401177373
30.12679,118.16388,1698.11,2009-12-31 23:29:45+00:00,5.0918650068367475,3.8899999999998727,1.0,5.0918650068367475,0.7639636940054078,25.33271402461206
30.12677,118.16389,1699.06,2009-12-31 23:29:46+00:00,2.422947728340363,0.9500000000000455,1.0,2.422947728340363,0.3920843974008318,10.43261182202539
30.12677,118.16391,1700.05,2009-12-31 23:29:47+00:00,1.9234876657152946,0.9900000000000091,1.0,1.9234876657152946,0.5146900693183567,8.706555596575077
30.12674,118.16392,1700.49,2009-12-31 23:29:48+00:00,3.4717188855925847,0.44000000000005457,1.0,3.4717188855925847,0.12673837211475472,13.290187988133402
30.12672,118.16395,1701.85,2009-12-31 23:29:49+00:00,3.642841229518946,1.3599999999999,1.0,3.642841229518946,0.3733349641975734,15.562228426268023
30.12671,118.164,1704.11,2009-12-31 23:29:51+00:00,4.935609072969966,2.259999999999991,2.0,2.467804536484983,0.4578968809294397,21.83619266269186
30.12671,118.16403,1705.49,2009-12-31 23:29:52+00:00,2.8852332505397698,1.3800000000001091,1.0,2.8852332505397698,0.4782975517636013,12.870839701943368
30.12673,118.16406,1707.09,2009-12-31 23:29:54+00:00,3.6428414618084033,1.599999999999909,2.0,1.8214207309042016,0.43921757693117575,15.994229262510087
30.12667,118.16405,1705.99,2009-12-31 23:29:56+00:00,6.740658326125355,-1.099999999999909,2.0,3.3703291630626775,-0.16318880838931465,26.246369974051113
30.12658,118.16407,1703.69,2009-12-31 23:30:00+00:00,10.190718351778303,-2.2999999999999545,4.0,2.5476795879445757,-0.22569557126447318,40.82658606640181
30.12653,118.16409,1703.67,2009-12-31 23:30:02+00:00,5.883077442465134,-0.01999999999998181,2.0,2.941538721232567,-0.003399581289822591,21.215078792874447
30.12648,118.1641,1703.25,2009-12-31 23:30:04+00:00,5.642316496041739,-0.42000000000007276,2.0,2.8211582480208697,-0.0744375116664788,21.068339385750395
30.12645,118.16407,1698.99,2009-12-31 23:30:05+00:00,4.410498018732221,-4.259999999999991,1.0,4.410498018732221,-0.9658773185946267,23.545792867435978
30.12639,118.16406,1695.45,2009-12-31 23:30:08+00:00,6.7406587150702215,-3.5399999999999636,3.0,2.2468862383567405,-0.5251712257862153,30.63837137425273
30.12632,118.16412,1700.31,2009-12-31 23:30:11+00:00,9.689357588385795,4.8599999999999,3.0,3.2297858627952647,0.5015812406206751,43.62968731818868
30.12628,118.16425,1709.33,2009-12-31 23:30:16+00:00,13.270310457993707,9.019999999999982,5.0,2.6540620915987416,0.6797128091729426,64.0091176487773
30.12619,118.16439,1711.17,2009-12-31 23:30:22+00:00,16.77627266795479,1.8400000000001455,6.0,2.7960454446591316,0.10967871328860927,63.7065816046375
30.1261,118.16451,1712.07,2009-12-31 23:30:28+00:00,15.27565330369489,0.8999999999998636,6.0,2.5459422172824815,0.0589172837394896,56.61235189330136
30.12601,118.16454,1707.8,2009-12-31 23:30:31+00:00,10.415162323388305,-4.269999999999982,3.0,3.4717207744627685,-0.40997920794870985,45.18058436419787
30.12589,118.16468,1705.11,2009-12-31 23:30:38+00:00,18.956253190172724,-2.6900000000000546,7.0,2.7080361700246747,-0.14190568004201384,73.0845114846219
30.12579,118.16482,1705.22,2009-12-31 23:30:45+00:00,17.462444485723196,0.11000000000012733,7.0,2.494634926531885,0.006299232624049871,63.062800148603735
30.12571,118.16499,1707.19,2009-12-31 23:30:51+00:00,18.61311404856984,1.9700000000000273,6.0,3.1021856747616403,0.1058393557821344,70.55321057485148
30.12563,118.16513,1702.35,2009-12-31 23:30:57+00:00,16.137721943795498,-4.8400000000001455,6.0,2.6896203239659164,-0.29991841579975853,66.80779899766405
30.12558,118.16524,1699.13,2009-12-31 23:31:01+00:00,11.951255813449517,-3.2199999999998,4.0,2.9878139533623793,-0.26942775305471467,48.820520928417906
30.12553,118.16526,1696.17,2009-12-31 23:31:03+00:00,5.883083811525739,-2.9600000000000364,2.0,2.9415419057628696,-0.5031374861940612,26.507101721492724
30.12552,118.16534,1696.42,2009-12-31 23:31:06+00:00,7.773982300887989,0.25,3.0,2.59132743362933,0.032158550190092866,28.436336283196763
30.12555,118.1654,1696.55,2009-12-31 23:31:09+00:00,6.6653549588121725,0.12999999999988177,3.0,2.221784986270724,0.019503837500508592,24.22927785172361
30.12557,118.16545,1698.08,2009-12-31 23:31:11+00:00,5.298119613192968,1.5299999999999727,2.0,2.649059806596484,0.28878170213259907,21.827230607494634
30.12555,118.1655,1696.26,2009-12-31 23:31:12+00:00,5.2981196119524645,-1.8199999999999363,1.0,5.2981196119524645,-0.34351810327083754,22.349230603028758
30.12551,118.16551,1696.72,2009-12-31 23:31:14+00:00,4.5505904202703125,0.4600000000000364,2.0,2.2752952101351562,0.10108578393498038,17.210125512973192
30.12545,118.16553,1697.64,2009-12-31 23:31:17+00:00,6.943444652027382,0.9200000000000728,3.0,2.314481550675794,0.13249907590628615,26.652400747298707
30.12546,118.16559,1697.51,2009-12-31 23:31:19+00:00,5.8766964615905835,-0.13000000000010914,2.0,2.9383482307952917,-0.02212127184886514,21.390107261726296
30.1255,118.16563,1696.73,2009-12-31 23:31:21+00:00,5.880689129471356,-0.7799999999999727,2.0,2.940344564735678,-0.13263751625484935,22.57448086609683
30.12555,118.16565,1696.07,2009-12-31 23:31:23+00:00,5.88308400298002,-0.6600000000000819,2.0,2.94154200149001,-0.11218605745995895,22.36710241072822
30.1256,118.1658,1699.29,2009-12-31 23:31:29+00:00,15.4605897949088,3.2200000000000273,6.0,2.5767649658181333,0.20827148528708644,61.45412326167173
30.12559,118.16597,1696.88,2009-12-31 23:31:34+00:00,16.387607820514877,-2.4099999999998545,5.0,3.277521564102975,-0.14706234286268974,63.33338815385329
30.12556,118.16632,1683.77,2009-12-31 23:31:47+00:00,33.82632890219367,-13.110000000000127,13.0,2.602025300168744,-0.3875679219553125,145.37278404789745
30.12556,118.16651,1673.3,2009-12-31 23:31:53+00:00,18.273356754611378,-10.470000000000027,6.0,3.0455594591018964,-0.5729653363965472,84.63008431660101
30.12563,118.16675,1660.76,2009-12-31 23:32:02+00:00,24.359180995116034,-12.539999999999964,9.0,2.706575666124004,-0.5147956330105765,110.26505158241766
30.12568,118.16688,1652.56,2009-12-31 23:32:07+00:00,13.683240205956889,-8.200000000000045,5.0,2.7366480411913776,-0.5992732625149884,64.01966474144488
30.12576,118.16694,1650.72,2009-12-31 23:32:11+00:00,10.603327135663882,-1.8399999999999181,4.0,2.6508317839159705,-0.1735304378010888,41.48397768838983
30.12589,118.16694,1656.59,2009-12-31 23:32:16+00:00,14.455340463640434,5.869999999999891,5.0,2.8910680927280867,0.40607829436911025,62.60522566910537
30.12602,118.16699,1660.41,2009-12-31 23:32:21+00:00,15.234205908621078,3.8200000000001637,5.0,3.046841181724216,0.25075150112277367,61.71914127103618
30.12618,118.16708,1660.93,2009-12-31 23:32:29+00:00,19.785056072237733,0.5199999999999818,8.0,2.4731320090297166,0.026282462789157447,72.1622018600558
30.12629,118.16721,1661.84,2009-12-31 23:32:35+00:00,17.490758086405712,0.9099999999998545,6.0,2.9151263477342853,0.05202747619653667,64.60472911106031
30.12631,118.16732,1657.6,2009-12-31 23:32:39+00:00,10.810452597124339,-4.240000000000009,4.0,2.7026131492810848,-0.39221299588584113,46.54962934964763
30.12634,118.16738,1656.08,2009-12-31 23:32:41+00:00,6.665314985969784,-1.5199999999999818,2.0,3.332657492984892,-0.22804623685445022,26.731133949491188
30.12644,118.16746,1655.1,2009-12-31 23:32:46+00:00,13.521850818537601,-0.9800000000000182,5.0,2.7043701637075204,-0.07247528560635355,50.442662946735396
30.12648,118.1676,1649.07,2009-12-31 23:32:51+00:00,14.18007306785714,-6.029999999999973,5.0,2.836014613571428,-0.42524463528107986,61.90226304428566
30.12648,118.16771,1644.06,2009-12-31 23:32:55+00:00,10.579213231559685,-5.009999999999991,4.0,2.644803307889921,-0.4735701880981343,47.103167633614845
30.12645,118.1678,1639.31,2009-12-31 23:32:58+00:00,9.27628107458912,-4.75,3.0,3.0920936915297066,-0.5120586538728178,41.94461186852084
30.12643,118.16791,1633.96,2009-12-31 23:33:02+00:00,10.810437917389883,-5.349999999999909,4.0,2.702609479347471,-0.49489207013471614,48.54757650260342
30.12644,118.16802,1629.16,2009-12-31 23:33:06+00:00,10.637494336496417,-4.7999999999999545,4.0,2.659373584124104,-0.4512340827793936,46.934979611387014
30.12643,118.16809,1625.95,2009-12-31 23:33:08+00:00,6.82344103136547,-3.2100000000000364,2.0,3.411720515682735,-0.4704371277255207,30.34238771291576
30.12639,118.16814,1623.66,2009-12-31 23:33:11+00:00,6.550331849372673,-2.2899999999999636,3.0,2.1834439497908913,-0.34960060843623936,27.70319465774156
30.12633,118.16816,1623.82,2009-12-31 23:33:13+00:00,6.943439903296067,0.15999999999985448,2.0,3.4717199516480335,0.02304333330859566,25.28438365186558
30.12631,118.16822,1622.51,2009-12-31 23:33:15+00:00,6.184195290834505,-1.3099999999999454,2.0,3.0920976454172524,-0.2118303091012464,24.62110304700412
30.12627,118.16836,1621.49,2009-12-31 23:33:21+00:00,14.180095081796411,-1.0199999999999818,6.0,2.363349180299402,-0.07193181668502344,52.88434229446705
30.12618,118.16847,1626.37,2009-12-31 23:33:26+00:00,14.562666498079691,4.879999999999882,5.0,2.912533299615938,0.33510346478396547,61.209599393086684
30.12606,118.16861,1630.54,2009-12-31 23:33:33+00:00,18.956236723791953,4.170000000000073,7.0,2.708033817684565,0.21998037167188939,75.74845220565116
30.12602,118.16872,1632.28,2009-12-31 23:33:37+00:00,11.476221016198929,1.740000000000009,4.0,2.8690552540497323,0.15161785378165532,44.446395658316156
30.12595,118.16884,1635.91,2009-12-31 23:33:42+00:00,13.92049632935115,3.630000000000109,5.0,2.78409926587023,0.2607665642169892,56.64778678566434
30.12594,118.16893,1637.17,2009-12-31 23:33:45+00:00,8.726896949325216,1.259999999999991,3.0,2.9089656497750718,0.14438121675052173,33.684829017570756
30.12586,118.16896,1640.43,2009-12-31 23:33:48+00:00,9.351807442966049,3.259999999999991,3.0,3.1172691476553496,0.34859571477297646,39.53450679467776
30.12576,118.16902,1642.97,2009-12-31 23:33:53+00:00,12.527649732384122,2.5399999999999636,5.0,2.505529946476824,0.20275151798298077,49.67153903658277
30.12562,118.16914,1647.12,2009-12-31 23:34:00+00:00,19.37876146905853,4.149999999999864,7.0,2.7683944955797903,0.21415197285058904,77.23354128861047
30.1255,118.1692,1647.7,2009-12-31 23:34:05+00:00,14.537714675226745,0.5800000000001546,5.0,2.907542935045349,0.039896229425145764,53.37977283081656
30.12547,118.16924,1647.31,2009-12-31 23:34:07+00:00,5.09190386213621,-0.39000000000010004,2.0,2.545951931068105,-0.0765921766316466,19.032853903690537
30.12534,118.16925,1645.36,2009-12-31 23:34:12+00:00,14.487299427235676,-1.9500000000000455,5.0,2.897459885447135,-0.13460065554620246,55.664277938048514
30.12532,118.16931,1646.49,2009-12-31 23:34:14+00:00,6.184249277579245,1.1300000000001091,2.0,3.0921246387896226,0.1827222592881047,24.29729739928548
30.12524,118.16931,1644.92,2009-12-31 23:34:18+00:00,8.89559413122793,-1.5699999999999363,4.0,2.2238985328069827,-0.17649186516822532,34.85013887242044
30.12521,118.16925,1641.81,2009-12-31 23:34:20+00:00,6.665370642670474,-3.1100000000001273,2.0,3.332685321335237,-0.466590706912903,29.593334313613937
30.12511,118.1692,1635.69,2009-12-31 23:34:24+00:00,12.114769961606722,-6.119999999999891,4.0,3.0286924904016805,-0.5051684860211927,54.629171861784
30.12504,118.1692,1632.65,2009-12-31 23:34:27+00:00,7.783644865219484,-3.0399999999999636,3.0,2.5945482884064948,-0.3905625259939504,33.493121514790076
30.125,118.16924,1633.22,2009-12-31 23:34:29+00:00,5.880700853795888,0.5699999999999363,2.0,2.940350426897944,0.09692722248097545,22.196523073665084
30.12499,118.16933,1637.83,2009-12-31 23:34:32+00:00,8.726979550704476,4.6099999999999,3.0,2.9089931835681586,0.5282469121435907,39.715126382535935
30.12496,118.16941,1640.6,2009-12-31 23:34:35+00:00,8.386114098776122,2.769999999999982,3.0,2.7953713662587076,0.33030793134620456,35.17601075559401
30.12491,118.16937,1635.38,2009-12-31 23:34:38+00:00,6.760957665602176,-5.2199999999998,3.0,2.2536525552007256,-0.7720799712380497,33.735447596167475
30.12486,118.16921,1623.78,2009-12-31 23:34:44+00:00,16.36176419264237,-11.600000000000136,6.0,2.7269606987737283,-0.7089700024656557,79.78235109351277
30.12486,118.16904,1613.68,2009-12-31 23:34:50+00:00,16.349961427570886,-10.099999999999909,6.0,2.7249935712618143,-0.6177384604081275,77.03986113925504
30.12491,118.16896,1612.02,2009-12-31 23:34:53+00:00,9.49262431212791,-1.6600000000000819,3.0,3.1642081040426366,-0.17487261113654762,37.16144752366063
30.125,118.16882,1610.53,2009-12-31 23:34:59+00:00,16.776412759011922,-1.490000000000009,6.0,2.796068793168654,-0.08881517290993056,63.077085932442934
30.12501,118.16872,1606.4,2009-12-31 23:35:02+00:00,9.681676404734073,-4.129999999999882,3.0,3.2272254682446913,-0.42657901662365266,42.28803505704245
30.12511,118.16861,1610.25,2009-12-31 23:35:08+00:00,15.348162394117459,3.849999999999909,6.0,2.558027065686243,0.25084436176382335,62.18338461882269
30.12531,118.16848,1621.56,2009-12-31 23:35:17+00:00,25.5126274754224,11.309999999999945,9.0,2.834736386158044,0.44330988687446793,112.20345891152053
30.1254,118.16838,1620.49,2009-12-31 23:35:22+00:00,13.87979452123075,-1.0699999999999363,5.0,2.77595890424615,-0.07709047841906072,51.89326027643058
30.12547,118.16833,1620.9,2009-12-31 23:35:25+00:00,9.149291376304152,0.41000000000008185,3.0,3.049763792101384,0.04481221366082463,33.67544895469509
30.12547,118.16828,1620.52,2009-12-31 23:35:27+00:00,4.808782476563621,-0.38000000000010914,2.0,2.4043912382818107,-0.07902208133807269,17.995616915629235
30.12548,118.16826,1620.83,2009-12-31 23:35:28+00:00,2.221785997410832,0.30999999999994543,1.0,2.221785997410832,0.13952738938907946,8.556429590678897
30.1255,118.16823,1621.63,2009-12-31 23:35:29+00:00,3.642869929465951,0.8000000000001819,1.0,3.642869929465951,0.2196070723056156,14.55433174607775
30.12553,118.16815,1623.13,2009-12-31 23:35:32+00:00,8.386075493129841,1.5,3.0,2.795358497709947,0.17886793425945796,32.88987177526743
30.12556,118.16806,1624.99,2009-12-31 23:35:36+00:00,9.276356330666665,1.8599999999999,4.0,2.3190890826666664,0.20050976199037698,36.74288279039981
30.12565,118.16798,1623.56,2009-12-31 23:35:40+00:00,12.623359243074484,-1.4300000000000637,4.0,3.155839810768621,-0.11328204897476876,48.01809327506825
30.12581,118.16794,1623.99,2009-12-31 23:35:47+00:00,18.202360033131058,0.43000000000006366,7.0,2.600337147590151,0.023623310340933727,66.30249611927192
30.12583,118.16782,1623.25,2009-12-31 23:35:51+00:00,11.753351032155258,-0.7400000000000091,4.0,2.9383377580388146,-0.06296076735694266,43.644063715758946
30.12571,118.16775,1620.9,2009-12-31 23:35:56+00:00,14.945555041260109,-2.349999999999909,5.0,2.9891110082520216,-0.15723738553116812,58.03399814853623
