latitude,longitude,elevation,time,distance,elevation_change,slope,energy
30.14295,118.15455,1622.24,,0.0,0.0,,0.0
30.14295,118.15451,1622.75,,3.8463447552918613,0.5099999999999909,0.1325934185432351,8.94634475529177
30.14296,118.15444,1623.91,,6.822329405798017,1.1600000000000819,0.1700299019590355,18.422329405798834
30.14298,118.15437,1624.53,,7.088967360778242,0.6199999999998909,0.08745984689254176,13.28896736077715
30.14297,118.15429,1624.31,,7.77263617381876,-0.22000000000002728,-0.028304425304386722,7.77263617381876
30.14291,118.15424,1623.51,,8.223607894969886,-0.7999999999999545,-0.09728090276401535,8.223607894969886
30.14286,118.15422,1623.03,,5.882973410659452,-0.4800000000000182,-0.08159139375512027,5.882973410659452
30.1428,118.15416,1623.39,,8.820370233942572,0.36000000000012733,0.04081461327040155,12.420370233943846
30.14274,118.15408,1622.37,,10.182789892801681,-1.0200000000002092,-0.10016901170879089,10.182789892801681
30.14269,118.154,1619.84,,9.491497935811829,-2.5299999999999727,-0.26655434338284734,9.491497935811829
30.14266,118.15394,1618.41,,6.664487529387192,-1.4299999999998363,-0.2145701366675566,6.664487529387192
30.1426,118.15393,1612.15,,6.740636183231142,-6.259999999999991,-0.9286957239397015,6.740636183231142
30.14253,118.15394,1604.33,,7.842817261851206,-7.820000000000164,-0.9970906804163309,7.842817261851206
30.14244,118.15392,1594.48,,10.190660023795745,-9.849999999999909,-0.9665713483719036,10.190660023795745
30.14237,118.15389,1586.55,,8.301027123373203,-7.930000000000064,-0.9553034681300537,8.301027123373203
30.14236,118.15382,1590.32,,6.822369116133346,3.769999999999982,0.5525939649153243,44.52236911613316
30.1423,118.15378,1585.22,,7.701043829369633,-5.099999999999909,-0.6622478865202573,7.701043829369633
30.1422,118.15372,1575.74,,12.527207085192044,-9.480000000000018,-0.7567528768009256,12.527207085192044
30.14213,118.15358,1577.02,,15.550531141224981,1.2799999999999727,0.0823123009995877,28.350531141224707
30.1421,118.15344,1585.56,,13.869461258673182,8.539999999999964,0.6157412923778512,99.26946125867282
30.14214,118.15329,1600.15,,15.094111385838143,14.590000000000146,0.9666021156892367,160.9941113858396
30.14214,118.15303,1604.89,,25.00144614760712,4.740000000000009,0.18958903305094105,72.4014461476072
30.14217,118.15288,1608.62,,14.804628760435067,3.729999999999791,0.25194822918951576,52.10462876043297
30.1421,118.15281,1596.83,,10.290462952533728,-11.789999999999964,-1.145721048157218,10.290462952533728
30.14201,118.15286,1582.59,,11.102591777793307,-14.240000000000009,-1.2825834080004586,11.102591777793307
30.14196,118.15292,1574.55,,8.012412764925802,-8.039999999999964,-1.0034430621441426,8.012412764925802
30.14188,118.15292,1568.38,,8.895594131622975,-6.169999999999845,-0.6936017885602597,8.895594131622975
30.1419,118.15275,1571.2,,16.497719167046185,2.8199999999999363,0.1709327193320651,44.69771916704555
30.14185,118.15255,1575.51,,20.01944149508154,4.309999999999945,0.2152907213250102,63.11944149508099
30.14182,118.15246,1575.57,,9.275023510354465,0.05999999999994543,0.006468986297766527,9.87502351035392
30.14189,118.15246,1581.44,,7.783644865219484,5.870000000000118,0.7541454038107114,66.48364486522067
30.14198,118.15245,1588.1,,10.053635754580258,6.6599999999998545,0.6624469159791946,76.6536357545788
30.14201,118.15238,1590.88,,7.512423677957652,2.7800000000002,0.3700536763064964,35.31242367795965
30.14203,118.15221,1593.83,,16.49769782672847,2.949999999999818,0.1788128277643942,45.99769782672665
30.14209,118.15211,1593.09,,11.703759655601134,-0.7400000000000091,-0.06322754582933213,11.703759655601134
30.14208,118.15204,1591.11,,6.822387960123786,-1.9800000000000182,-0.29022096245082096,6.822387960123786
30.14204,118.152,1588.58,,5.880266456618665,-2.5299999999999727,-0.43025261162311357,5.880266456618665
30.14195,118.15195,1583.42,,11.10259304384308,-5.1599999999998545,-0.46475629428400256,11.10259304384308
30.14189,118.15191,1578.1,,7.701051811867322,-5.320000000000164,-0.690814726347126,7.701051811867322
30.14187,118.15184,1573.89,,7.08903796392442,-4.209999999999809,-0.593874658511378,7.08903796392442
30.14189,118.15174,1570.37,,9.86977861712779,-3.520000000000209,-0.35664427101654345,9.86977861712779
30.14191,118.15163,1566.46,,10.80881648043085,-3.9099999999998545,-0.3617417325087194,10.80881648043085
30.14199,118.15153,1566.56,,13.099552245337495,0.09999999999990905,0.007633848709256601,14.099552245336586
30.14203,118.15149,1565.93,,5.880267731521061,-0.6299999999998818,-0.10713797887514186,5.880267731521061
30.14205,118.15142,1562.66,,7.089027600405625,-3.269999999999982,-0.46127624045544363,7.089027600405625
30.14201,118.15131,1555.39,,11.474641299573074,-7.269999999999982,-0.6335710032409004,11.474641299573074
30.14204,118.1512,1547.63,,11.091094899312505,-7.759999999999991,-0.699660409585081,11.091094899312505
30.14198,118.15105,1539.61,,15.892176874602209,-8.02000000000021,-0.5046508142517105,15.892176874602209
30.14192,118.15093,1537.17,,13.329048458557367,-2.439999999999827,-0.18305882881184407,13.329048458557367
30.14189,118.15081,1535.24,,12.011661526790729,-1.9300000000000637,-0.1606771882220794,12.011661526790729
30.14183,118.15078,1535.72,,7.268668242225977,0.4800000000000182,0.06603685627190238,12.06866824222616
30.14177,118.1508,1536.35,,6.943356563518629,0.6299999999998818,0.09073421395496097,13.243356563517446
30.14172,118.15082,1536.7,,5.882980673849452,0.3500000000001364,0.059493651161549456,9.382980673850817
30.14166,118.15079,1537.4,,7.268670213826791,0.7000000000000455,0.09630372260781264,14.268670213827246
30.14162,118.15073,1537.41,,7.284992146111352,0.009999999999990905,0.001372685076308393,7.384992146111261
30.14157,118.15067,1536.84,,8.012429185382517,-0.5700000000001637,-0.07113947428578137,8.012429185382517
30.14154,118.15067,1536.24,,3.335847799605519,-0.599999999999909,-0.17986432116922785,3.335847799605519
30.14153,118.1507,1536.04,,3.091682686692406,-0.20000000000004547,-0.06468969175294399,3.091682686692406
30.14157,118.15078,1536.48,,8.886059302612752,0.44000000000005457,0.04951576227616241,13.286059302613298
30.14162,118.15092,1537.55,,14.565258820541185,1.0699999999999363,0.073462477610829,25.26525882054055
30.14162,118.15098,1538.16,,5.769594901080966,0.6100000000001273,0.10572666026965609,11.86959490108224
30.14158,118.15106,1538.57,,8.88605592782609,0.4099999999998545,0.04613970509863289,12.986055927824635
30.14149,118.15111,1538.08,,11.102602750169597,-0.4900000000000091,-0.0441337955636145,11.102602750169597
30.14146,118.15117,1537.24,,6.664548272823636,-0.8399999999999181,-0.12604005036998958,6.664548272823636
30.14143,118.15123,1536.46,,6.664549792369129,-0.7799999999999727,-0.11703716294430995,6.664549792369129
30.14145,118.15134,1535.65,,10.808864735721407,-0.8099999999999454,-0.07493848982336111,10.808864735721407
30.14139,118.15137,1535.14,,7.268673346615216,-0.5099999999999909,-0.07016411051646464,7.268673346615216
30.14133,118.15136,1522.58,,6.7406379491982165,-12.560000000000173,-1.863325117690701,6.7406379491982165
30.14131,118.15142,1517.35,,6.183377104561869,-5.230000000000018,-0.8458161149740514,6.183377104561869
30.14132,118.15153,1518.21,,10.635908367451409,0.8600000000001273,0.08085816183147522,19.23590836745268
30.14133,118.15164,1518.75,,10.635907302733319,0.5399999999999636,0.05077140902320474,16.035907302732955
30.14132,118.15173,1516.94,,8.725559349870174,-1.8099999999999454,-0.2074365582106637,8.725559349870174
30.14131,118.15189,1516.28,,15.425762977169633,-0.6600000000000819,-0.04278556600259527,15.425762977169633
30.1413,118.15206,1516.76,,16.38501183462308,0.4800000000000182,0.029295065810433705,21.18501183462326
30.1413,118.15221,1518.79,,14.424034026911334,2.0299999999999727,0.1407373274503196,34.72403402691106
30.14125,118.15231,1509.08,,11.107597329002845,-9.710000000000036,-0.874176449901225,11.107597329002845
30.14117,118.15239,1490.94,,11.760576259796307,-18.139999999999873,-1.5424414245764226,11.760576259796307
30.14114,118.15249,1480.3,,10.178214213766866,-10.6400000000001,-1.0453700203723981,10.178214213766866
30.14114,118.1526,1477.78,,10.577642105515528,-2.519999999999982,-0.23823834980065847,10.577642105515528
30.14116,118.15269,1480.75,,8.93559987598578,2.9700000000000273,0.33237835637446506,38.63559987598605
30.14111,118.15276,1467.24,,8.730417974678518,-13.509999999999991,-1.5474631385558,8.730417974678518
30.141,118.15276,1452.88,,12.231441931228494,-14.3599999999999,-1.1740234782406902,12.231441931228494
30.14095,118.15282,1447.2,,8.012455290350408,-5.680000000000064,-0.7088963113267694,8.012455290350408
30.14094,118.1529,1447.87,,7.7727928079831194,0.6699999999998454,0.0861981036355061,14.472792807981573
30.1409,118.15295,1443.48,,6.549812963545377,-4.389999999999873,-0.6702481466926637,6.549812963545377
30.14087,118.15292,1438.65,,4.410222312982556,-4.829999999999927,-1.0951828858562649,4.410222312982556
30.14087,118.15285,1437.22,,6.731245211325596,-1.4300000000000637,-0.21244211956415288,6.731245211325596
30.14079,118.15283,1431.3,,9.101117836965159,-5.920000000000073,-0.6504695473731109,9.101117836965159
30.14077,118.15278,1430.35,,5.2974466852692075,-0.9500000000000455,-0.17933167739880104,5.2974466852692075
30.14081,118.15271,1431.07,,8.068000639366614,0.7200000000000273,0.08924144062246275,15.268000639366887
30.14083,118.15265,1431.84,,6.18340438326562,0.7699999999999818,0.12452687100391846,13.883404383265438
30.14081,118.15251,1432.03,,13.644946197488643,0.19000000000005457,0.013924569379029441,15.544946197489189
30.14083,118.15243,1433.34,,8.007855612064345,1.3099999999999454,0.16358936317812062,21.1078556120638
30.14086,118.15237,1438.32,,6.664580162127049,4.980000000000018,0.7472338660280463,56.464580162127234
30.14087,118.15227,1441.25,,9.680141461640286,2.9300000000000637,0.30268152708416923,38.980141461640926
30.14083,118.15214,1434.44,,13.268574225820585,-6.809999999999945,-0.5132427858562012,13.268574225820585
30.14079,118.15209,1431.08,,6.549816897936622,-3.3600000000001273,-0.5129914396627824,6.549816897936622
30.14078,118.15204,1430.18,,4.934941290488044,-0.8999999999998636,-0.1823729902794563,4.934941290488044
30.14086,118.15192,1439.11,,14.57006023484526,8.929999999999836,0.6129006919712763,103.87006023484362
30.14084,118.15189,1435.25,,3.6425143648611034,-3.8599999999999,-1.0597075572952723,3.6425143648611034
30.14076,118.1519,1428.16,,8.947417686056072,-7.089999999999918,-0.7924074016404967,8.947417686056072
30.1407,118.15194,1423.87,,7.701074980163992,-4.290000000000191,-0.5570650865041749,7.701074980163992
30.14061,118.15201,1416.97,,12.060712434091105,-6.899999999999864,-0.5721055068435389,12.060712434091105
30.14058,118.15206,1414.51,,5.851938476327553,-2.4600000000000364,-0.42037352408117523,5.851938476327553
30.1406,118.15213,1415.91,,7.08912151903343,1.400000000000091,0.19748568228676305,21.08912151903434
30.1406,118.15217,1415.81,,3.846436359667501,-0.10000000000013642,-0.025998090348953742,3.846436359667501
30.14056,118.15219,1412.48,,4.845788728996062,-3.3299999999999272,-0.6871946315104471,4.845788728996062
30.14051,118.15219,1408.18,,5.559746332412502,-4.2999999999999545,-0.7734165810644252,5.559746332412502
30.14046,118.15209,1404.22,,11.107663975661692,-3.9600000000000364,-0.3565106046309018,11.107663975661692
30.1404,118.15197,1399.47,,13.329202338182013,-4.75,-0.3563604092342002,13.329202338182013
30.14034,118.15188,1395.63,,10.927576433361184,-3.839999999999918,-0.3514045427563102,10.927576433361184
30.14024,118.15178,1393.27,,14.700778968799002,-2.3600000000001273,-0.16053571072723438,14.700778968799002
30.14018,118.1517,1393.88,,10.182940666473003,0.6100000000001273,0.05990411021528705,16.282940666474275
30.14017,118.15165,1395.15,,4.934970247725492,1.2699999999999818,0.25734704288953303,17.63497024772531
30.14021,118.15164,1396.99,,4.550560236200223,1.8399999999999181,0.4043458177660213,22.950560236199404
30.14021,118.15161,1398.32,,2.884838670760699,1.3299999999999272,0.4610309801654251,16.184838670759973
30.14013,118.15153,1397.71,,11.760629294899346,-0.6099999999999,-0.05186797276778893,11.760629294899346
30.14004,118.15147,1394.25,,11.551631305754473,-3.4600000000000364,-0.29952479510633523,11.551631305754473
30.14003,118.1515,1393.08,,3.0917236041996525,-1.1700000000000728,-0.37842968834950175,3.0917236041996525
30.14007,118.15164,1391.92,,14.178312990741727,-1.1599999999998545,-0.08181509328770785,14.178312990741727
30.14002,118.15163,1390.28,,5.642294012602561,-1.6400000000001,-0.29066191806683866,5.642294012602561
30.14001,118.15167,1389.25,,4.00395794912086,-1.0299999999999727,-0.2572454588905279,4.00395794912086
30.13991,118.15162,1383.03,,12.114483811662502,-6.220000000000027,-0.5134350003433156,12.114483811662502
30.13999,118.15179,1385.52,,18.61104821441155,2.490000000000009,0.13379149692771555,43.511048214411645
30.1399,118.15173,1379.74,,11.551635394839703,-5.779999999999973,-0.5003620528554762,11.551635394839703
30.13982,118.15176,1372.51,,9.351681567801762,-7.230000000000018,-0.7731229883717615,9.351681567801762
30.13977,118.15184,1365.8,,9.491682439160492,-6.710000000000036,-0.7069347339641415,9.491682439160492
30.13973,118.1518,1363.84,,5.880325356388594,-1.9600000000000364,-0.3333148901141368,5.880325356388594
30.13968,118.15179,1360.64,,5.642294577031574,-3.199999999999818,-0.5671451492494294,5.642294577031574
30.13965,118.15176,1359.28,,4.4102456427002545,-1.3600000000001273,-0.3083728459096537,4.4102456427002545
30.1396,118.15169,1356.64,,8.730497390256021,-2.6399999999998727,-0.30238826976185085,8.730497390256021
30.13958,118.15169,1354.92,,2.2238985332020267,-1.7200000000000273,-0.7734165809820139,2.2238985332020267
30.13956,118.15171,1353.02,,2.94016497199254,-1.900000000000091,-0.6462222419827236,2.94016497199254
30.13958,118.15176,1354.08,,5.29750019522179,1.0599999999999454,0.20009437676963907,15.897500195221244
30.13964,118.15185,1356.54,,10.927629221945725,2.4600000000000364,0.22511744771314812,35.527629221946086
30.13968,118.15198,1356.14,,13.268716254380772,-0.3999999999998636,-0.030146096452081442,13.268716254380772
30.13974,118.15207,1359.17,,10.927622276139584,3.0299999999999727,0.2772789837928389,41.227622276139314
30.13975,118.15213,1359.5,,5.8758762358400665,0.32999999999992724,0.05616183642315052,9.17587623583934
30.13975,118.15224,1358.3,,10.577791102846398,-1.2000000000000455,-0.11344523524170705,10.577791102846398
30.13981,118.15235,1356.25,,12.506043287935105,-2.0499999999999545,-0.16392075037655124,12.506043287935105
30.13983,118.15244,1353.56,,8.935712850580591,-2.6900000000000546,-0.3010392170139256,8.935712850580591
30.13986,118.15244,1354.72,,3.3358477992104754,1.1600000000000819,0.34773768763509816,14.935847799211293
30.13986,118.15248,1353.21,,3.8464652039610936,-1.509999999999991,-0.3925682204131189,3.8464652039610936
30.13989,118.15249,1354.02,,3.471683478084314,0.8099999999999454,0.2333162009478197,11.571683478083768
30.13988,118.15253,1353.14,,4.003962816997062,-0.8799999999998818,-0.21978226078030225,4.003962816997062
30.13985,118.15256,1351.68,,4.410241817608613,-1.4600000000000364,-0.3310476069975907,4.410241817608613
30.13981,118.1526,1349.47,,5.880323316655857,-2.2100000000000364,-0.3758296748310201,5.880323316655857
30.13976,118.15268,1345.87,,9.491683069884512,-3.6000000000001364,-0.37927941477758786,9.491683069884512
30.13968,118.15274,1341.57,,10.602881786268822,-4.2999999999999545,-0.40555012181392375,10.602881786268822
30.13957,118.15273,1338.95,,12.269184244270622,-2.619999999999891,-0.2135431295053997,12.269184244270622
30.13931,118.15271,1331.51,,28.974580701551897,-7.440000000000055,-0.25677679606944454,28.974580701551897
30.13921,118.15273,1327.66,,11.284590632213488,-3.849999999999909,-0.34117320915563654,11.284590632213488
30.13913,118.15295,1328.6,,22.949847805860635,0.9399999999998272,0.04095887728544249,32.34984780585891
30.13903,118.15322,1331.85,,28.24472308735804,3.25,0.11506574130495394,60.74472308735804
30.13898,118.15344,1339.87,,21.87409873085165,8.019999999999982,0.36664367746902504,102.07409873085146
30.13892,118.15349,1343.77,,8.22372155906648,3.900000000000091,0.4742378462097155,47.223721559067386
30.13879,118.15334,1337.37,,20.421065975193397,-6.400000000000091,-0.31340185707124824,20.421065975193397
30.13881,118.15308,1330.07,,25.101002949787233,-7.2999999999999545,-0.2908250325536029,25.101002949787233
30.13876,118.15305,1330.17,,6.26365019724987,0.10000000000013642,0.01596513164864197,7.263650197251234
30.13862,118.1531,1333.81,,16.29290353141083,3.6399999999998727,0.22341014865658382,52.692903531409556
30.13849,118.15307,1336.82,,14.740401664207198,3.009999999999991,0.20420067706220688,44.84040166420711
30.13841,118.15307,1339.14,,8.895594131622975,2.3200000000001637,0.2608032657147417,32.09559413162461
30.1384,118.15299,1335.94,,7.772988780290528,-3.2000000000000455,-0.41168205569961475,7.772988780290528
30.13848,118.15291,1330.85,,11.76071751140814,-5.0900000000001455,-0.43279672307941586,11.76071751140814
30.13856,118.15279,1325.59,,14.570273240464038,-5.259999999999991,-0.36100901562999577,14.570273240464038
30.1387,118.15275,1323.37,,16.035466096659384,-2.2200000000000273,-0.13844312267683398,16.035466096659384
30.1388,118.15262,1322.55,,16.73086762763501,-0.8199999999999363,-0.04901120600855816,16.73086762763501
30.13891,118.15253,1324.74,,14.983686998008334,2.1900000000000546,0.14615895275249371,36.88368699800888
30.13891,118.15242,1325.06,,10.57788114001443,0.31999999999993634,0.030251805230579458,13.777881140013793
30.13883,118.1524,1323.23,,9.101125909059501,-1.8299999999999272,-0.2010740229599831,9.101125909059501
30.13878,118.1523,1321.82,,11.107805700868706,-1.4100000000000819,-0.12693776232418347,11.107805700868706
30.13874,118.15229,1320.9,,4.5505631812309115,-0.9199999999998454,-0.2021727780408465,4.5505631812309115
30.13853,118.15224,1316.12,,23.840813076737373,-4.7800000000002,-0.20049651765712118,23.840813076737373
30.13848,118.1521,1314.6,,14.56564845500363,-1.5199999999999818,-0.10435512052179369,14.56564845500363
30.13858,118.15179,1317.63,,31.8168108120852,3.0300000000002,0.09523267488673924,62.1168108120872
30.13856,118.15163,1319.23,,15.545952101922559,1.599999999999909,0.10292068247155077,31.54595210192165
30.13844,118.15157,1316.13,,14.537414452319677,-3.099999999999909,-0.21324287136253822,14.537414452319677
30.13842,118.15118,1286.73,,37.569458025873175,-29.40000000000009,-0.7825505488994019,37.569458025873175
30.13838,118.15101,1272.99,,16.94198377817511,-13.740000000000009,-0.8110030194752081,16.94198377817511
30.13845,118.1508,1263.19,,21.642374554424578,-9.799999999999955,-0.4528153773217291,21.642374554424578
30.13819,118.15071,1251.11,,30.178319836447574,-12.080000000000155,-0.400287360776482,30.178319836447574
30.13808,118.15053,1240.47,,21.19488997165587,-10.639999999999873,-0.5020077959465158,21.19488997165587
30.13811,118.15042,1233.4,,11.091496656778094,-7.069999999999936,-0.6374252473564429,11.091496656778094
30.13805,118.15037,1228.41,,8.223746341488704,-4.990000000000009,-0.606779415705652,8.223746341488704
30.13806,118.15028,1222.3,,8.725843793444472,-6.110000000000127,-0.7002188148944898,8.725843793444472
30.13817,118.15005,1219.49,,25.274392139539874,-2.8099999999999454,-0.11117972628128663,25.274392139539874
30.13816,118.14965,1204.73,,38.48138137878632,-14.759999999999991,-0.38356211422640757,38.48138137878632
30.13802,118.14955,1193.48,,18.29793479264476,-11.25,-0.6148234829496809,18.29793479264476
30.13817,118.14943,1192.65,,20.281997627818857,-0.8299999999999272,-0.040922990685172765,20.281997627818857
30.13802,118.1494,1182.94,,16.92689175214429,-9.710000000000036,-0.5736434155886877,16.92689175214429
30.13787,118.14927,1168.85,,20.84414492200425,-14.090000000000146,-0.6759692015538593,20.84414492200425
30.13788,118.1492,1163.4,,6.822671295650516,-5.449999999999818,-0.7988073532831954,6.822671295650516
30.13762,118.1491,1155.65,,30.468049117252626,-7.75,-0.25436482559730217,30.468049117252626
30.13759,118.14903,1150.97,,7.51269198831345,-4.680000000000064,-0.6229458105403697,7.51269198831345
30.13747,118.14891,1142.49,,17.641145869792226,-8.480000000000018,-0.48069439834521893,17.641145869792226
30.1374,118.14858,1128.52,,32.67475102622731,-13.970000000000027,-0.4275472516618906,32.67475102622731
30.13743,118.14837,1117.39,,20.468106752177754,-11.129999999999882,-0.5437728137125178,20.468106752177754
30.13728,118.14823,1114.02,,21.43475153159569,-3.3700000000001182,-0.1572213232811494,21.43475153159569
30.13723,118.14811,1108.02,,12.809194367675124,-6.0,-0.46841353388636287,12.809194367675124
30.1372,118.14799,1104.46,,12.012188376073189,-3.5599999999999454,-0.29636564866823356,12.012188376073189
30.13719,118.14783,1098.32,,15.42640365759491,-6.1400000000001,-0.3980188860789457,15.42640365759491
30.13724,118.14773,1094.7,,11.10793982761808,-3.619999999999891,-0.32589301492247474,11.10793982761808
30.13724,118.14763,1093.15,,9.616418307302787,-1.5499999999999545,-0.16118267222452998,9.616418307302787
30.13738,118.14753,1092.87,,18.29797473650232,-0.2800000000002001,-0.015302239949082062,18.29797473650232
30.13744,118.14743,1091.08,,11.704131948499057,-1.7899999999999636,-0.15293744191165873,11.704131948499057
30.13739,118.14733,1089.14,,11.107922956849315,-1.9399999999998272,-0.17465011303518213,11.107922956849315
30.13742,118.1472,1086.86,,12.938738531792987,-2.2800000000002,-0.17621501465523848,12.938738531792987
30.13722,118.14691,1084.67,,35.66917677311102,-2.189999999999827,-0.06139754819490941,35.66917677311102
30.1373,118.14662,1084.43,,29.272004438951683,-0.2400000000000091,-0.008198960221550314,29.272004438951683
30.13734,118.14651,1079.59,,11.475106693396302,-4.8400000000001455,-0.4217825706828042,11.475106693396302
30.13732,118.14645,1076.62,,6.183594776563683,-2.9700000000000273,-0.4803031419938066,6.183594776563683
30.13724,118.14646,1074.66,,8.94742137246024,-1.959999999999809,-0.21905752712536827,8.94742137246024
30.13728,118.14638,1070.5,,8.886348826234775,-4.160000000000082,-0.4681337725251903,8.886348826234775
30.13724,118.14626,1047.21,,12.367197189161944,-23.289999999999964,-1.8832076212393762,12.367197189161944
30.13717,118.14625,1042.56,,7.842823665556345,-4.650000000000091,-0.5928987056564448,7.842823665556345
30.13711,118.146,1017.02,,24.949640781976093,-25.539999999999964,-1.0236620327796604,24.949640781976093
30.137,118.14546,1002.37,,53.34982561139394,-14.649999999999977,-0.2746025845841035,53.34982561139394
30.13703,118.14526,996.79,,19.52003000756394,-5.580000000000041,-0.2858602162925883,19.52003000756394
30.13703,118.14508,995.45,,17.309589786572474,-1.3399999999999181,-0.07741373519084739,17.309589786572474
30.13693,118.14485,997.37,,24.75562754792129,1.919999999999959,0.07755812274535452,43.955627547920884
30.13681,118.14517,1000.54,,33.5410542451103,3.169999999999959,0.09451104240297066,65.2410542451099
30.13655,118.14512,1011.65,,29.30779093211886,11.110000000000014,0.3790800891726163,140.40779093211898
30.13641,118.14512,1017.92,,15.567289730043925,6.269999999999982,0.4027676049414859,78.26728973004374
30.13627,118.14513,1025.97,,15.596963852819629,8.050000000000068,0.5161260919730082,96.09696385282031
30.13623,118.1452,1031.43,,8.068259003747862,5.460000000000036,0.6767259203582534,62.668259003748226
30.13603,118.14518,1046.21,,22.32199748472508,14.779999999999973,0.6621271241569627,170.1219974847248
30.13599,118.14527,1055.13,,9.730874661212798,8.920000000000073,0.9166699100087203,98.93087466121352
30.1359,118.14538,1066.06,,14.561909820860814,10.929999999999836,0.750588359250924,123.86190982085918
30.13577,118.14546,1078.11,,16.37506866232011,12.049999999999955,0.735874776985066,136.87506866231965
30.13566,118.14541,1081.38,,13.14259340600644,3.270000000000209,0.24880934066679342,45.84259340600853
30.13552,118.1454,1089.68,,15.596964303463919,8.299999999999955,0.5321548372176894,98.59696430346347
30.1354,118.1455,1106.9,,16.44764194080617,17.220000000000027,1.0469585890776023,188.64764194080644
30.13542,118.14559,1109.91,,8.93608741890995,3.009999999999991,0.33683645413208807,39.03608741890986
30.13548,118.14567,1110.28,,10.183220987547886,0.36999999999989086,0.03633427973843732,13.883220987546794
30.13547,118.14571,1114.85,,4.004127939360502,4.569999999999936,1.141322172819935,49.704127939359864
30.13549,118.1459,1125.73,,18.406362761742553,10.88000000000011,0.5910999441244352,127.20636276174365
30.1354,118.14591,1133.63,,10.053641803481247,7.900000000000091,0.7857849080384562,89.05364180348215
30.13531,118.14587,1139.81,,10.72136046529646,6.179999999999836,0.5764193844618535,72.52136046529482
30.13524,118.14582,1141.18,,9.149039471460021,1.3700000000001182,0.14974249529404327,22.849039471461204
30.13521,118.14588,1144.52,,6.664864613442024,3.339999999999918,0.5011354609159867,40.0648646134412
30.13515,118.14594,1148.27,,8.820662802832379,3.75,0.4251381198696143,46.32066280283238
30.13501,118.14592,1150.88,,15.685652408831059,2.6100000000001273,0.16639409901310137,41.785652408832334
30.13493,118.14585,1152.16,,11.1555669919432,1.2799999999999727,0.11474091822714322,23.955566991942927
30.13491,118.14599,1158.54,,13.64574029215578,6.379999999999882,0.467545172588944,77.4457402921546
30.13487,118.1461,1165.05,,11.475346778716293,6.509999999999991,0.5673031173292562,76.57534677871621
30.13489,118.14615,1167.62,,5.2977075794600035,2.5699999999999363,0.48511548843582963,30.997707579459366
30.13488,118.14626,1177.3,,10.636593788934105,9.680000000000064,0.9100657778311282,107.43659378893474
30.13485,118.14626,1178.51,,3.3358477992104754,1.2100000000000364,0.3627263810676308,15.435847799210839
30.13484,118.1463,1182.05,,4.004151526528932,3.5399999999999636,0.8840824270875368,39.404151526528565
30.13481,118.14627,1180.87,,4.41033818896384,-1.1800000000000637,-0.2675531783373945,4.41033818896384
30.13482,118.14631,1183.52,,4.004152649716574,2.650000000000091,0.6618129306802691,30.504152649717483
30.13479,118.14631,1184.56,,3.335847799605519,1.0399999999999636,0.31176482336003125,13.735847799605155
30.13471,118.14639,1192.48,,11.760905662165516,7.920000000000073,0.6734175264646903,90.96090566216624
30.13462,118.14646,1200.28,,12.060940463757243,7.7999999999999545,0.6467157369227313,90.0609404637568
30.13472,118.14667,1214.22,,23.053878541740016,13.940000000000055,0.6046704885150279,162.45387854174055
30.13474,118.14675,1218.83,,8.008311664152234,4.6099999999999,0.5756519218196433,54.10831166415123
30.13471,118.14682,1223.52,,7.512867991905296,4.690000000000055,0.6242622664278505,54.41286799190584
30.13461,118.14691,1230.41,,14.090854807323147,6.8900000000001,0.48896962563401786,82.99085480732415
30.13457,118.14703,1236.31,,12.367488480965818,5.899999999999864,0.4770572464312587,71.36748848096445
30.1345,118.14708,1240.74,,9.149058417483483,4.430000000000064,0.4842028324504423,53.44905841748412
30.13455,118.14725,1247.23,,17.26788004234996,6.490000000000009,0.37584231440588545,82.16788004235005
30.13443,118.14732,1256.83,,14.945287194881873,9.599999999999909,0.6423429590090114,110.94528719488096
30.13436,118.14733,1256.68,,7.842827022652787,-0.14999999999986358,-0.019125756511856235,7.842827022652787
30.13448,118.14738,1260.37,,14.183310088130051,3.689999999999827,0.2601649387252678,51.08331008812832
30.1345,118.14734,1257.01,,4.443267873876852,-3.3599999999999,-0.7562001876488764,4.443267873876852
30.13454,118.14739,1260.82,,6.55004185530422,3.8099999999999454,0.5816756723340034,44.65004185530368
30.13446,118.14747,1266.51,,11.760918408897373,5.690000000000055,0.48380575412337307,68.66091840889791
30.13437,118.14756,1272.28,,13.231038085800524,5.769999999999982,0.4360957895051571,70.93103808580034
30.13423,118.14766,1279.82,,18.298128868116756,7.539999999999964,0.4120639904956567,93.69812886811638
30.13418,118.14776,1288.45,,11.108193724446522,8.63000000000011,0.7769039876399985,97.40819372444761
30.13412,118.14785,1297.7,,10.928008435249579,9.25,0.8464488341867522,103.42800843524958
30.13421,118.14818,1328.65,,33.27569509791464,30.950000000000045,0.9301082940244771,342.7756950979151
30.13417,118.14836,1344.46,,17.872382064800455,15.809999999999945,0.8846050818898753,175.97238206479992
30.13404,118.14861,1365.54,,28.052904796348173,21.079999999999927,0.7514373343164108,238.85290479634745
30.13396,118.14878,1377.22,,18.611913926503185,11.680000000000064,0.6275550191196542,135.41191392650381
30.13399,118.14894,1388.01,,15.744231531867351,10.789999999999964,0.6853303686598041,123.64423153186699
30.13402,118.14908,1396.25,,13.870535124656612,8.240000000000009,0.5940650397368143,96.2705351246567
30.13417,118.14913,1405.08,,17.358495389341858,8.829999999999927,0.5086846412634104,105.65849538934113
30.13411,118.14931,1414.21,,18.551306360145563,9.13000000000011,0.49214862946872656,109.85130636014665
30.13405,118.14945,1419.23,,15.025814813373,5.019999999999982,0.3340916990093724,65.22581481337282
30.13413,118.14954,1430.25,,12.411346914155892,11.019999999999982,0.8878971860363524,122.61134691415572
30.13421,118.14961,1437.32,,11.155599915162316,7.069999999999936,0.6337624201089025,81.85559991516168
30.13435,118.14974,1447.18,,19.96580778879607,9.860000000000127,0.493844281398578,118.56580778879734
30.13443,118.14976,1448.44,,9.10114435796386,1.259999999999991,0.13844412861086433,21.70114435796377
30.13452,118.14972,1441.66,,10.721372770105765,-6.779999999999973,-0.6323817057181838,10.721372770105765
30.13455,118.14983,1446.55,,11.09186054754432,4.889999999999873,0.4408638189273389,59.99186054754305
30.13456,118.14993,1452.61,,9.68075223562229,6.059999999999945,0.6259844124200336,70.28075223562175
30.13452,118.15005,1460.4,,12.367493935799923,7.790000000000191,0.6298770017950559,90.26749393580184
30.13445,118.15012,1464.48,,10.290804277395686,4.079999999999927,0.39647046917040973,51.09080427739496
30.13437,118.15022,1470.37,,13.100091577843072,5.889999999999873,0.44961517749707675,72.0000915778418
30.13437,118.15038,1478.39,,15.386716709593031,8.02000000000021,0.5212288073777328,95.58671670959512
30.13428,118.15053,1485.06,,17.55656837575842,6.669999999999845,0.37991479070645606,84.25656837575687
30.13428,118.15067,1490.5,,13.463389397712128,5.440000000000055,0.40405872840047913,67.86338939771267
30.13425,118.15081,1495.79,,13.870500701367174,5.289999999999964,0.38138493439379184,66.77050070136681
30.13419,118.1509,1498.78,,10.92800357280262,2.990000000000009,0.27360898814504936,40.828003572802714
30.13422,118.15097,1500.46,,7.512899768608225,1.6800000000000637,0.22361538843094214,24.31289976860886
30.13419,118.15107,1503.52,,10.178854016192416,3.0599999999999454,0.3006232327462531,40.77885401619187
30.13422,118.1511,1503.94,,4.410350043392816,0.42000000000007276,0.09523053632200429,8.610350043393543
30.13421,118.15119,1505.12,,8.726177783425266,1.1799999999998363,0.13522529901249086,20.526177783423627
30.13416,118.15127,1506.14,,9.49203686895947,1.0200000000002092,0.10745849537687509,19.692036868961562
30.13407,118.15147,1512.94,,21.681244282561913,6.7999999999999545,0.3136351360364106,89.68124428256147
30.13401,118.15166,1522.97,,19.45172817467095,10.029999999999973,0.5156354186082308,119.75172817467067
30.13389,118.15191,1539.51,,27.4964816566064,16.539999999999964,0.6015315052508184,192.89648165660603
30.13383,118.15231,1554.73,,39.04127152949706,15.220000000000027,0.38984386019550565,191.24127152949734
30.13388,118.15262,1562.59,,30.32591802329611,7.8599999999999,0.25918423949975444,108.92591802329511
30.13386,118.15279,1566.22,,16.499035540273322,3.630000000000109,0.2200128602147356,52.79903554027442
30.13391,118.15296,1565.27,,17.267980400758198,-0.9500000000000455,-0.055015119194734154,17.267980400758198
30.13421,118.1531,1574.52,,35.97293032444224,9.25,0.2571377954638012,128.47293032444225
30.13431,118.15307,1575.14,,11.48766359205645,0.6200000000001182,0.053970939785252685,17.687663592057632
30.13435,118.15341,1579.78,,32.99792009213685,4.639999999999873,0.14061492321467706,79.39792009213558
30.13435,118.15427,1603.36,,82.7036190752059,23.579999999999927,0.28511448789874155,318.50361907520517
30.13427,118.15448,1606.0,,22.067459498821282,2.6400000000001,0.11963316394173573,48.46745949882228
30.13422,118.15482,1608.25,,33.16613411665232,2.25,0.06784028527673057,55.66613411665232
30.13408,118.15535,1607.35,,53.29296380012919,-0.900000000000091,-0.016887782848322447,53.29296380012919
30.134,118.15579,1603.81,,43.23856370172742,-3.5399999999999636,-0.08187135965986163,43.23856370172742
30.1341,118.15602,1610.56,,24.75621418928894,6.75,0.27265881400074754,92.25621418928894
30.13433,118.15637,1619.99,,42.27252558740163,9.430000000000064,0.22307633312570427,136.57252558740225
30.13447,118.1563,1619.48,,16.960427850594645,-0.5099999999999909,-0.030069996139991832,16.960427850594645
30.13441,118.15672,1635.05,,40.93741467071037,15.569999999999936,0.380336670628589,196.63741467070975
30.13435,118.1569,1643.08,,18.551267085290135,8.029999999999973,0.4328545302637147,98.85126708528986
30.13431,118.15711,1653.82,,20.6790693030359,10.740000000000009,0.5193657336611018,128.079069303036
30.13428,118.15744,1673.31,,31.90997002576827,19.49000000000001,0.6107808933778767,226.80997002576837
30.13429,118.15751,1677.87,,6.822912875583682,4.559999999999945,0.6683362492167028,52.42291287558314
30.13422,118.15767,1678.19,,17.243454705080936,0.3200000000001637,0.018557766147979205,20.443454705082573
30.1342,118.15776,1679.73,,8.936189333849317,1.5399999999999636,0.17233296458554326,24.336189333848953
30.13418,118.15784,1680.68,,8.008352098469219,0.9500000000000455,0.11862615283631649,17.508352098469672
30.13417,118.15793,1681.91,,8.726181262285756,1.2300000000000182,0.14095512836938584,21.026181262285938
30.13414,118.15801,1679.72,,8.38545772079913,-2.1900000000000546,-0.2611664232195722,8.38545772079913
30.13413,118.15804,1678.97,,3.0918845292749904,-0.75,-0.24257050769482194,3.0918845292749904
30.13413,118.15813,1680.36,,8.65504919424303,1.3899999999998727,0.1605998959456454,22.555049194241757
30.1341,118.15823,1678.02,,10.178862300558654,-2.339999999999918,-0.22988816735161946,10.178862300558654
30.13408,118.15833,1677.03,,9.87051815893395,-0.9900000000000091,-0.10029868585003775,9.87051815893395
30.13406,118.15839,1675.64,,6.1837726040525585,-1.3899999999998727,-0.22478187491709042,6.1837726040525585
30.13405,118.15849,1676.41,,9.680800628039922,0.7699999999999818,0.07953887592413772,17.38080062803974
30.13404,118.15856,1676.72,,6.822929023504333,0.30999999999994543,0.045435032217398905,9.922929023503787
30.13404,118.1586,1677.55,,3.8466920394312694,0.8299999999999272,0.21576980727644685,12.146692039430542
30.13401,118.15868,1676.17,,8.385467015718518,-1.3799999999998818,-0.16457044043141286,8.385467015718518
30.13399,118.15875,1676.28,,7.089548313698845,0.10999999999989996,0.015515798063940328,8.189548313697845
30.13399,118.15878,1677.08,,2.8850204896378187,0.7999999999999545,0.27729439110513404,10.885020489637364
30.13399,118.15883,1678.43,,4.808367483640754,1.3500000000001364,0.280760570940796,18.30836748364212
30.13399,118.15893,1681.4,,9.616734967281277,2.9700000000000273,0.3088366280348546,39.31673496728155
30.13396,118.15899,1682.1,,6.664927875036067,0.6999999999998181,0.10502739311279194,13.664927875034248
30.13392,118.15903,1681.52,,5.880473480498982,-0.5799999999999272,-0.09863151358871733,5.880473480498982
30.13389,118.15908,1681.56,,5.852206269210257,0.03999999999996362,0.006835029074489805,6.252206269209894
30.13385,118.15915,1681.52,,8.06839443230076,-0.03999999999996362,-0.004957615834921116,8.06839443230076
30.1338,118.15919,1680.28,,6.760760561791277,-1.240000000000009,-0.183411317213025,6.760760561791277
30.13377,118.15922,1679.74,,4.410358074903865,-0.5399999999999636,-0.12243903801659785,4.410358074903865
30.13373,118.15936,1682.26,,14.17912900746813,2.519999999999982,0.17772600832340976,39.37912900746795
30.13372,118.15943,1684.02,,6.82295055568334,1.759999999999991,0.25795291723665753,24.42295055568325
30.13371,118.15953,1682.66,,9.680833534393976,-1.3599999999999,-0.14048377086209618,9.680833534393976
30.13369,118.15962,1680.17,,8.936232646608321,-2.490000000000009,-0.2786409103779398,8.936232646608321
30.13368,118.15965,1679.14,,3.0918968022429634,-1.0299999999999727,-0.3331288415747825,3.0918968022429634
30.13366,118.15971,1677.02,,6.18379442365981,-2.1200000000001182,-0.3428315779529779,6.18379442365981
30.13365,118.15985,1679.0,,13.509314592574516,1.9800000000000182,0.14656554086676896,33.309314592574694
30.13366,118.15988,1680.22,,3.0918976202836395,1.2200000000000273,0.3945796885370703,15.291897620283912
30.13366,118.15998,1682.38,,9.616767118579167,2.160000000000082,0.22460770582944217,31.216767118579988
30.13363,118.16001,1681.53,,4.410360750465661,-0.8500000000001364,-0.19272799847731062,4.410360750465661
30.1336,118.16005,1681.77,,5.091664521489415,0.2400000000000091,0.04713586273940221,7.491664521489506
30.13358,118.16011,1683.68,,6.183798787438178,1.9100000000000819,0.3088716282101662,25.283798787438997
30.13357,118.16016,1685.52,,4.935283522169164,1.8399999999999181,0.37282559182966624,23.335283522168346
30.13357,118.16022,1688.14,,5.770065531142571,2.6200000000001182,0.4540676333499654,31.970065531143753
30.13357,118.16027,1690.33,,4.808387943529911,2.189999999999827,0.4554540993196391,26.708387943528184
30.13357,118.16033,1692.34,,5.770065532509197,2.009999999999991,0.34834959649512215,25.870065532509106
30.13356,118.16037,1693.37,,4.004199448324523,1.0299999999999727,0.2572299440356188,14.304199448324251
30.13355,118.16041,1694.46,,4.004199822706479,1.0900000000001455,0.2722141871689619,14.904199822707934
30.13354,118.16042,1694.58,,1.470120887773887,0.11999999999989086,0.08162594042289913,2.6701208877727955
30.13353,118.16051,1697.52,,8.72623692348769,2.9400000000000546,0.33691498704174533,38.126236923488236
30.13352,118.16058,1699.87,,6.822964013190955,2.349999999999909,0.3444250908339269,30.322964013190045
30.13352,118.16063,1701.61,,4.80839037921379,1.740000000000009,0.36186745725177843,22.20839037921388
30.13349,118.16069,1703.17,,6.664951660757947,1.5600000000001728,0.23406021219706302,22.264951660759674
30.13348,118.16073,1704.31,,4.0042024433771015,1.1399999999998727,0.28470089015739397,15.404202443375828
30.13342,118.16076,1704.01,,7.268765813687977,-0.2999999999999545,-0.041272481145976356,7.268765813687977
30.13339,118.16078,1703.93,,3.850608789564446,-0.07999999999992724,-0.020775935539527057,3.850608789564446
30.13333,118.16082,1703.51,,7.7012184537174555,-0.42000000000007276,-0.054536824597844584,7.7012184537174555
30.13331,118.16081,1702.39,,2.4229224407816172,-1.1199999999998909,-0.4622516928930614,2.4229224407816172
30.13325,118.16081,1699.76,,6.671695598815992,-2.630000000000109,-0.3942026372526421,6.671695598815992
30.13322,118.16082,1698.56,,3.471701398753114,-1.2000000000000455,-0.3456518467950711,3.471701398753114
30.13319,118.16084,1697.37,,3.8506107354468626,-1.1900000000000546,-0.30904188497826834,3.8506107354468626
30.13314,118.16087,1695.55,,6.263725859675845,-1.8199999999999363,-0.2905618861317988,6.263725859675845
30.13312,118.16094,1695.99,,7.089604652257499,0.44000000000005457,0.062062699061780274,11.489604652258045
30.13309,118.16097,1695.57,,4.4103710761979995,-0.42000000000007276,-0.09523008217307138,4.4103710761979995
30.13309,118.16097,1695.57,,0.0,0.0,,0.0
30.13306,118.16104,1696.32,,7.512968819385587,0.75,0.0998273808969881,15.012968819385588
30.13305,118.16112,1698.25,,7.773401507993204,1.9300000000000637,0.2482825566150791,27.07340150799384
30.13303,118.16125,1701.18,,12.698134614683104,2.9300000000000637,0.23074255305279617,41.99813461468374
30.13304,118.16132,1702.6,,6.822996985094016,1.4199999999998454,0.20811968744850307,21.02299698509247
30.13306,118.16138,1703.97,,6.18382824030333,1.3700000000001182,0.22154561005933063,19.883828240304513
30.13309,118.16141,1705.95,,4.4103716494807665,1.9800000000000182,0.4489417576029276,24.210371649480948
30.1331,118.16148,1708.71,,6.822992946560738,2.759999999999991,0.4045145615152984,34.42299294656065
30.13308,118.1615,1708.59,,2.940247575126709,-0.12000000000011823,-0.04081288970876776,2.940247575126709
30.13305,118.16156,1709.56,,6.664973926582473,0.9700000000000273,0.14553695343522577,16.364973926582746
30.13303,118.16162,1711.58,,6.183828787023889,2.019999999999982,0.3266584618640701,26.383828787023706
30.13301,118.1617,1714.41,,8.00843970407209,2.8300000000001546,0.35337720012565876,36.308439704073635
30.133,118.16175,1716.26,,4.935310574823125,1.849999999999909,0.3748497631410381,23.435310574822218
30.13296,118.16182,1718.66,,8.068445074783963,2.400000000000091,0.2974550830742753,32.068445074784876
30.13294,118.16187,1720.25,,5.297792911719682,1.5899999999999181,0.30012498157158024,21.197792911718864
30.13292,118.16191,1721.41,,4.443320507449887,1.1600000000000819,0.2610660198955194,16.043320507450705
30.13289,118.16198,1722.6,,7.512979207550308,1.1899999999998272,0.1583925586808379,19.41297920754858
30.13286,118.16204,1722.74,,6.664983543066374,0.14000000000010004,0.021005303178241595,8.064983543067374
30.13285,118.16211,1723.15,,6.823009095257082,0.41000000000008185,0.06009078901640151,10.9230090952579
30.13284,118.16214,1723.16,,3.0919197109509793,0.009999999999990905,0.003234236634467851,3.1919197109508883
30.13282,118.16219,1723.01,,5.2977982186819474,-0.15000000000009095,-0.028313649144117426,5.2977982186819474
30.1328,118.16225,1723.06,,6.183841332223895,0.049999999999954525,0.008085589088356028,6.68384133222344
30.1327,118.16224,1722.26,,11.161001579836357,-0.7999999999999545,-0.07167815489294861,11.161001579836357
30.13264,118.16225,1722.4,,6.740650028975965,0.14000000000010004,0.020769510269526444,8.140650028976966
30.13261,118.16235,1723.84,,10.178999449704236,1.4399999999998272,0.14146773532261742,24.578999449702508
30.1326,118.16245,1725.28,,9.680940961778303,1.4400000000000546,0.1487458714690415,24.08094096177885
30.1326,118.16252,1726.41,,6.731809272381027,1.1300000000001091,0.16785977651449868,18.03180927238212
30.1326,118.16267,1729.45,,14.425305585429928,3.0399999999999636,0.210740769545324,44.82530558542956
30.1326,118.16281,1732.34,,13.463618544761424,2.8899999999998727,0.21465254607382994,42.36361854476015
30.13259,118.16287,1733.67,,5.876286679903356,1.3300000000001546,0.22633340959158724,19.1762866799049
30.1326,118.16289,1734.06,,2.221665904691636,0.38999999999987267,0.17554394617853403,6.121665904690363
30.13261,118.16289,1734.03,,1.1119492664034916,-0.029999999999972715,-0.026979648178558763,1.1119492664034916
30.13259,118.163,1736.48,,10.809791947415848,2.4500000000000455,0.2266463602554103,35.3097919474163
30.13254,118.16302,1737.09,,5.883039159345623,0.6099999999999,0.10368790407095488,11.983039159344623
30.13253,118.16303,1737.34,,1.4701273246258437,0.25,0.17005329797786495,3.9701273246258437
30.13253,118.16308,1738.26,,4.808438603633928,0.9200000000000728,0.19133029988254235,14.008438603634655
30.1325,118.16314,1739.22,,6.6650017613930395,0.9600000000000364,0.14403597093714623,16.265001761393403
30.13247,118.16318,1739.54,,5.091697790773714,0.31999999999993634,0.0628474063366024,8.291697790773078
30.13242,118.16326,1740.02,,9.492146788962623,0.4800000000000182,0.050568118116141814,14.292146788962805
30.13237,118.16326,1739.44,,5.559746332017458,-0.5799999999999272,-0.10432130629050902,5.559746332017458
30.13232,118.16323,1738.64,,6.263736898325387,-0.7999999999999545,-0.12771928530616203,6.263736898325387
30.13224,118.16314,1737.43,,12.4114575893121,-1.2100000000000364,-0.09749056396422011,12.4114575893121
30.13216,118.16304,1736.56,,13.100249638492567,-0.8700000000001182,-0.0664109481886353,13.100249638492567
30.13213,118.16293,1735.01,,11.092104824568185,-1.5499999999999545,-0.13973903280888764,11.092104824568185
30.13208,118.16284,1733.78,,10.287066123636635,-1.2300000000000182,-0.1195676187182118,10.287066123636635
30.13201,118.16276,1733.02,,10.944207530177419,-0.7599999999999909,-0.06944312760009133,10.944207530177419
30.13196,118.16264,1733.41,,12.809749456737594,0.39000000000010004,0.03044556033802599,16.709749456738592
30.13191,118.16253,1733.88,,11.950655392626821,0.4700000000000273,0.039328386984533295,16.650655392627094
30.13187,118.16249,1733.99,,5.880525740229326,0.10999999999989996,0.018705810476668406,6.980525740228326
30.13182,118.16243,1734.09,,8.012839645375154,0.09999999999990905,0.012479970201029419,9.012839645374244
30.13181,118.16232,1734.29,,10.636920997847465,0.20000000000004547,0.018802433527570467,12.63692099784792
30.1318,118.16221,1734.65,,10.636922062303082,0.36000000000012733,0.03384437696276407,14.236922062304355
30.1318,118.16211,1735.35,,9.61694832901906,0.6999999999998181,0.07278816273636139,16.61694832901724
30.1318,118.16209,1735.49,,1.9233896649838806,0.14000000000010004,0.07278816276746156,3.323389664984881
30.13181,118.162,1736.08,,8.726387377392935,0.5899999999999181,0.06761102555777034,14.626387377392117
30.1318,118.1619,1736.86,,9.68101838475212,0.7799999999999727,0.08057003602312077,17.48101838475185
30.1318,118.16185,1737.24,,4.8084741645096445,0.38000000000010914,0.07902714811380515,8.608474164510735
30.13179,118.16185,1737.35,,1.1119492664034916,0.10999999999989996,0.09892537665471547,2.211949266402491
30.13178,118.16179,1738.01,,5.876333172265498,0.6600000000000819,0.11231493869596788,12.476333172266315
30.13175,118.16174,1739.06,,5.852291920784472,1.0499999999999545,0.1794168873003189,16.35229192078402
30.13171,118.16168,1740.71,,7.285450995162656,1.650000000000091,0.22647877270681618,23.785450995163565
30.13164,118.16162,1742.69,,9.689172408983607,1.9800000000000182,0.20435181834149238,29.48917240898379
30.13161,118.16158,1743.67,,5.091723110370822,0.9800000000000182,0.1924692248099576,14.891723110371004
30.13156,118.16157,1745.24,,5.642308061176644,1.5699999999999363,0.2782549238675439,21.342308061176006
30.13153,118.16155,1746.4,,3.850626891256911,1.1600000000000819,0.30124964915035896,15.45062689125773
30.1315,118.16155,1747.36,,3.335847799605519,0.959999999999809,0.2877829138707509,12.935847799603609
30.13147,118.16158,1747.79,,4.410402047811929,0.43000000000006366,0.09749678041560714,8.710402047812565
30.13144,118.16158,1748.68,,3.3358477992104754,0.8900000000001,0.2667987430993537,12.235847799211475
30.1314,118.16159,1749.61,,4.550578294349289,0.9299999999998363,0.20436962949405135,13.850578294347653
30.13136,118.16161,1750.4,,4.845859884490688,0.790000000000191,0.16302576195581067,12.745859884492598
30.13132,118.16164,1751.21,,5.301574189347293,0.8099999999999454,0.15278480901531422,13.401574189346746
30.13129,118.16166,1752.02,,3.8506292270363014,0.8099999999999454,0.21035523085752272,11.950629227035755
30.13127,118.16168,1752.59,,2.9402706453450196,0.5699999999999363,0.1938597050248927,8.640270645344383
30.13124,118.1617,1753.59,,3.850629713997654,1.0,0.2596977830313936,13.850629713997654
30.13122,118.1617,1754.38,,2.2238985328069827,0.790000000000191,0.35523203435143275,10.123898532808893
30.13118,118.1617,1755.94,,4.447797065613965,1.5599999999999454,0.35073542632157073,20.04779706561342
30.13115,118.1617,1757.12,,3.3358477992104754,1.1799999999998363,0.353733165008043,15.135847799208838
30.13112,118.1617,1758.29,,3.335847799605519,1.1700000000000728,0.35073542628006926,15.035847799606247
30.13104,118.1617,1760.21,,8.895594131622975,1.9200000000000728,0.21583718541908953,28.095594131623702
30.13101,118.16171,1760.77,,3.471707362892741,0.5599999999999454,0.161303918062188,9.071707362892194
30.13097,118.16172,1761.57,,4.550579179266458,0.7999999999999545,0.17580179763599071,12.550579179266002
30.13091,118.16171,1762.99,,6.740652433558553,1.4200000000000728,0.21066210044157704,20.94065243355928
30.13083,118.16171,1764.7,,8.895594131622975,1.7100000000000364,0.1922299932638734,25.99559413162334
30.13074,118.1617,1765.14,,10.053646146275055,0.44000000000005457,0.04376521647950357,14.4536461462756
30.13067,118.16171,1765.37,,7.842831431186183,0.22999999999979082,0.029326143500320603,10.142831431184092
30.13058,118.16172,1765.7,,10.053646295376657,0.3300000000001546,0.032823911872840686,13.353646295378203
30.13047,118.16176,1766.59,,12.82210065408836,0.8899999999998727,0.0694114033269653,21.722100654087086
30.13043,118.16178,1766.85,,4.845867076653475,0.2599999999999909,0.05365396860607767,7.445867076653384
30.13039,118.1618,1767.05,,4.845867386895629,0.20000000000004547,0.041272280900813085,6.845867386896083
30.13036,118.16182,1767.1,,3.850638278745134,0.049999999999954525,0.012984860270035228,4.350638278744679
30.1303,118.16182,1767.6,,6.671695598815992,0.5,0.07494346715829386,11.671695598815992
30.13021,118.16179,1767.9,,10.415128322495834,0.3000000000001819,0.02880425384219282,13.415128322497653
30.13015,118.16179,1767.61,,6.671695598815992,-0.290000000000191,-0.043467210951839065,6.671695598815992
30.13014,118.16179,1767.56,,1.1119492664034916,-0.049999999999954525,-0.04496608029759794,1.1119492664034916
30.1301,118.16179,1767.37,,4.44779706600901,-0.19000000000005457,-0.04271777627897506,4.44779706600901
30.13006,118.1618,1766.95,,4.55058105278968,-0.4199999999998454,-0.09229590575963245,4.55058105278968
30.13005,118.16181,1766.67,,1.4701431292958245,-0.2799999999999727,-0.1904576462116912,1.4701431292958245
30.13003,118.16181,1766.56,,2.2238985328069827,-0.11000000000012733,-0.04946268832745999,2.2238985328069827
30.13,118.16182,1766.14,,3.4717100888741794,-0.4199999999998454,-0.12097784355491639,3.4717100888741794
30.12999,118.16182,1765.79,,1.1119492664034916,-0.3500000000001364,-0.31476256208359454,1.1119492664034916
30.12995,118.16183,1764.13,,4.550581278968335,-1.6599999999998545,-0.364788561776045,4.550581278968335
30.12993,118.16185,1762.87,,2.9402877243011534,-1.2600000000002183,-0.4285294903578508,2.9402877243011534
30.12986,118.16187,1759.74,,8.017773878875897,-3.1299999999998818,-0.39038267320638287,8.017773878875897
30.1298,118.1619,1756.55,,7.268807808199177,-3.1900000000000546,-0.4388615140438507,7.268807808199177
30.12977,118.16192,1754.73,,3.850644020013281,-1.8199999999999363,-0.47264820911533106,3.850644020013281
30.12975,118.16195,1753.03,,3.6427710987689093,-1.7000000000000455,-0.466677689568408,3.6427710987689093
30.12967,118.16213,1747.61,,19.462731968733006,-5.420000000000073,-0.2784809454657925,19.462731968733006
30.12964,118.16218,1745.65,,5.852376367055348,-1.959999999999809,-0.33490669038874415,5.852376367055348
30.12962,118.16223,1744.13,,5.297939692127277,-1.5199999999999818,-0.28690398311983384,5.297939692127277
30.12959,118.16231,1742.25,,8.385783071736835,-1.8800000000001091,-0.2241889617126394,8.385783071736835
30.12957,118.16238,1741.32,,7.0898345247097545,-0.9300000000000637,-0.13117372440200023,7.0898345247097545
30.12954,118.16246,1740.66,,8.385786645692756,-0.6599999999998545,-0.07870460195154791,8.385786645692756
30.1295,118.16255,1738.74,,9.731380800618876,-1.9200000000000728,-0.19729985285109475,9.731380800618876
30.12948,118.16262,1736.16,,7.0898403534513985,-2.5799999999999272,-0.36390100078120374,7.0898403534513985
30.12948,118.1627,1733.42,,7.693739472045056,-2.740000000000009,-0.35613371234569446,7.693739472045056
30.12944,118.1627,1732.6,,4.44779706600901,-0.8200000000001637,-0.18436092920398148,4.44779706600901
30.12941,118.16276,1729.34,,6.665158127937005,-3.259999999999991,-0.4891106763597556,6.665158127937005
30.12937,118.16283,1726.73,,8.068649334555612,-2.6099999999999,-0.32347421380949726,8.068649334555612
30.12933,118.16284,1725.41,,4.550582556086879,-1.3199999999999363,-0.2900727508468775,4.550582556086879
30.1293,118.16288,1724.3,,5.091791116259609,-1.1100000000001273,-0.21799794505622314,5.091791116259609
30.12928,118.16295,1723.55,,7.089853301974508,-0.75,-0.10578498144540265,7.089853301974508
30.12926,118.16301,1723.07,,6.184034408889964,-0.4800000000000182,-0.07761923176073957,6.184034408889964
30.12925,118.16307,1722.8,,5.876478381945366,-0.2699999999999818,-0.045945885009892655,5.876478381945366
30.12921,118.16308,1722.21,,4.550582802463658,-0.5899999999999181,-0.12965372252549623,4.550582802463658
30.12918,118.16304,1722.05,,5.091794648936081,-0.16000000000008185,-0.03142310541402401,5.091794648936081
30.12917,118.16294,1721.24,,9.681272898204114,-0.8099999999999454,-0.0836666839698529,9.681272898204114
30.12914,118.16297,1720.53,,4.4104465929846155,-0.7100000000000364,-0.16098143011852428,4.4104465929846155
30.12912,118.16293,1719.52,,4.443448703231595,-1.009999999999991,-0.22730092490219284,4.443448703231595
30.12911,118.16292,1719.09,,1.4701491195268974,-0.43000000000006366,-0.2924873363447921,1.4701491195268974
30.12909,118.16292,1718.41,,2.2238985328069827,-0.6799999999998363,-0.3057693460238705,2.2238985328069827
30.12907,118.16291,1717.62,,2.422938836282603,-0.790000000000191,-0.3260503270533438,2.422938836282603
30.12908,118.16289,1717.75,,2.2217252787176034,0.13000000000010914,0.05851308496392773,3.521725278718695
30.12906,118.16288,1716.94,,2.4229388745860208,-0.8099999999999454,-0.3343047604279083,2.4229388745860208
30.12901,118.16305,1717.41,,17.268740868614795,0.4700000000000273,0.02721680773230157,21.96874086861507
30.12905,118.16306,1718.61,,4.550583214504039,1.199999999999818,0.2637024626151363,16.55058321450222
30.12906,118.16313,1718.37,,6.823264767557828,-0.2400000000000091,-0.03517377797518907,6.823264767557828
30.12903,118.16315,1717.54,,3.850651222357153,-0.8299999999999272,-0.21554795593558007,3.850651222357153
30.129,118.16323,1716.57,,8.385825255780121,-0.9700000000000273,-0.1156713824118184,8.385825255780121
30.129,118.16329,1716.36,,5.770332660163367,-0.21000000000003638,-0.036393049130392936,5.770332660163367
30.12895,118.16328,1715.68,,5.642312395335229,-0.6799999999998363,-0.12051796362108999,5.642312395335229
30.12892,118.16325,1715.2,,4.410450798836395,-0.4800000000000182,-0.1088324123526457,4.410450798836395
30.1289,118.16319,1714.71,,6.1840540425474355,-0.4900000000000091,-0.0792360475229871,6.1840540425474355
30.12889,118.16313,1714.29,,5.876499043380031,-0.42000000000007276,-0.07147112539279818,5.876499043380031
30.12888,118.16309,1713.61,,4.004374647098033,-0.6800000000000637,-0.16981428061254436,4.004374647098033
30.12884,118.16308,1711.27,,4.550583564491533,-2.339999999999918,-0.5142197625506921,4.550583564491533
30.12878,118.16309,1707.85,,6.740655393998875,-3.4200000000000728,-0.5073690613296828,6.740655393998875
30.12873,118.1631,1705.01,,5.642312760234069,-2.839999999999918,-0.5033396978656854,5.642312760234069
30.12871,118.16326,1704.43,,15.54747176959014,-0.5799999999999272,-0.03730510070031901,15.54747176959014
30.12873,118.1634,1707.46,,13.646574612749307,3.0299999999999727,0.22203374003973103,43.94657461274903
30.12873,118.16348,1709.39,,7.693797922020659,1.9300000000000637,0.2508514025922296,26.993797922021294
30.1287,118.16361,1711.13,,12.939801947465305,1.740000000000009,0.13446882781237982,30.339801947465396
30.12867,118.16367,1711.03,,6.665195571783366,-0.10000000000013642,-0.015003310694059654,6.665195571783366
30.1286,118.16373,1709.14,,9.689278229089263,-1.8899999999998727,-0.19506096897142378,9.689278229089263
30.12861,118.16385,1712.13,,11.59415598197413,2.990000000000009,0.2578885435601069,41.49415598197422
30.12858,118.1639,1712.73,,5.852418788161391,0.599999999999909,0.1025217131100774,11.852418788160481
30.12855,118.16394,1713.52,,5.091813195308637,0.7899999999999636,0.1551510178589885,12.991813195308273
30.12854,118.164,1715.46,,5.876519130526664,1.9400000000000546,0.3301274031292379,25.27651913052721
30.12852,118.16401,1715.39,,2.4229409625381666,-0.06999999999993634,-0.028890509955557236,2.4229409625381666
30.12847,118.16405,1715.75,,6.7608787404072785,0.35999999999989996,0.053247516162109626,10.360878740406278
30.12842,118.16405,1714.67,,5.559746332412502,-1.0799999999999272,-0.19425346687198414,5.559746332412502
30.12838,118.16405,1713.81,,4.447797065613965,-0.8600000000001273,-0.19335414527987566,4.447797065613965
30.12835,118.16403,1712.44,,3.8506578399942972,-1.3699999999998909,-0.35578336401915156,3.8506578399942972
30.12831,118.16402,1711.45,,4.550584656007346,-0.9900000000000091,-0.21755446274207516,4.550584656007346
30.12828,118.16402,1711.1,,3.3358477992104754,-0.3500000000001364,-0.10492085402786483,3.3358477992104754
30.12825,118.16399,1709.41,,4.4104636074284285,-1.6899999999998272,-0.3831796723485949,4.4104636074284285
30.12821,118.16397,1707.85,,4.845884244822262,-1.5600000000001728,-0.32192267111353395,4.845884244822262
30.1282,118.16397,1707.68,,1.1119492664034916,-0.16999999999984539,-0.152884673011833,1.1119492664034916
30.12815,118.16399,1707.94,,5.8830671228777,0.2599999999999909,0.044194634290151025,8.483067122877609
30.12812,118.16399,1707.5,,3.335847799605519,-0.44000000000005457,-0.13190050219080343,3.335847799605519
30.12806,118.16388,1699.66,,12.50710296945411,-7.839999999999918,-0.6268438038087174,12.50710296945411
30.12805,118.16387,1699.0,,1.4701558743043206,-0.6600000000000819,-0.448931988461696,1.4701558743043206
30.12801,118.16379,1694.45,,8.886971621063784,-4.5499999999999545,-0.5119854314843995,8.886971621063784
30.128,118.16377,1693.27,,2.2217433274744365,-1.1800000000000637,-0.5311144565657038,2.2217433274744365
30.12796,118.16376,1692.18,,4.550585376172102,-1.0899999999999181,-0.23952962309143908,4.550585376172102
30.12792,118.16374,1690.47,,4.845886487402986,-1.7100000000000364,-0.35287661080077465,4.845886487402986
30.12789,118.16373,1689.44,,3.4717157823896665,-1.0299999999999727,-0.2966832726413447,3.4717157823896665
30.12784,118.16371,1687.43,,5.883069098303993,-2.009999999999991,-0.3416584042127681,5.883069098303993
30.12783,118.1637,1686.65,,1.4701572753234144,-0.7799999999999727,-0.5305554807586035,1.4701572753234144
30.1278,118.16369,1685.5,,3.471716025251693,-1.150000000000091,-0.3312482909418601,3.471716025251693
30.12776,118.16368,1684.42,,4.550585788299271,-1.0799999999999272,-0.23733208211938023,4.550585788299271
30.12774,118.16367,1683.73,,2.4229439784261664,-0.6900000000000546,-0.28477752937905193,2.4229439784261664
30.12769,118.16364,1681.77,,6.263799223781841,-1.9600000000000364,-0.31290913549056315,6.263799223781841
30.12763,118.16365,1682.3,,6.740656992305854,0.5299999999999727,0.07862735050974157,12.040656992305582
30.12754,118.16365,1682.16,,10.007543398026467,-0.13999999999987267,-0.013989447203144911,10.007543398026467
30.12745,118.16366,1682.97,,10.053649211949873,0.8099999999999454,0.08056776031504768,18.15364921194933
30.12747,118.16373,1686.59,,7.089971790635725,3.619999999999891,0.5105803107398967,43.28997179063463
30.12753,118.16385,1693.18,,13.330511067065519,6.5900000000001455,0.4943546400318784,79.23051106706697
30.12761,118.16399,1705.58,,16.137505761116575,12.399999999999864,0.7683963174704324,140.13750576111522
30.12768,118.16414,1719.59,,16.391932727842217,14.009999999999991,0.8546887199093711,156.49193272784214
30.12766,118.16417,1722.26,,3.642819473121571,2.6700000000000728,0.7329487556824004,30.342819473122297
30.12748,118.16407,1712.58,,22.205794750373023,-9.680000000000064,-0.43592224952171343,22.205794750373023
30.12742,118.16395,1701.1,,13.33051612678678,-11.480000000000018,-0.8611819595590696,13.33051612678678
30.12736,118.16383,1692.43,,13.330522198878064,-8.669999999999845,-0.6503871244240933,13.330522198878064
30.12725,118.16368,1685.3,,18.913485564909596,-7.130000000000109,-0.3769796939612484,18.913485564909596
30.12718,118.16345,1667.68,,23.449518146184708,-17.61999999999989,-0.7514013674036499,23.449518146184708
30.12718,118.16343,1666.04,,1.92347967688371,-1.6400000000001,-0.8526214338053811,1.92347967688371
30.12719,118.16341,1664.62,,2.221757157965343,-1.4200000000000728,-0.6391337572196643,2.221757157965343
30.12714,118.16342,1664.31,,5.642315400222457,-0.30999999999994543,-0.05494198356719357,5.642315400222457
30.1271,118.16344,1665.02,,4.845892828417498,0.7100000000000364,0.14651582796805226,11.945892828417861
30.12703,118.16347,1665.82,,8.301182954089668,0.7999999999999545,0.09637180681650026,16.301182954089214
30.12699,118.16355,1671.27,,8.887040436047112,5.4500000000000455,0.6132525264422184,63.38704043604757
30.12697,118.16361,1675.56,,6.184159298061645,4.289999999999964,0.6937078741397583,49.08415929806128
30.12695,118.16365,1678.47,,4.443521904541753,2.910000000000082,0.6548859356416701,33.54352190454257
30.12692,118.16369,1681.37,,5.0918611792316195,2.8999999999998636,0.569536343965584,34.09186117923026
30.12691,118.16372,1683.88,,3.0920814207797815,2.5100000000002183,0.8117509400406506,28.192081420781964
30.12687,118.16377,1687.93,,6.550314688320061,4.0499999999999545,0.6182909055074186,47.0503146883196
30.12685,118.16381,1691.51,,4.443525277768583,3.5799999999999272,0.8056666219298982,40.24352527776786
30.12682,118.16384,1694.22,,4.410490944771475,2.7100000000000364,0.6144440684574294,31.51049094477184
30.12679,118.16388,1698.11,,5.0918650068367475,3.8899999999998727,0.7639636940054078,43.991865006835475
30.12677,118.16389,1699.06,,2.422947728340363,0.9500000000000455,0.3920843974008318,11.922947728340818
30.12677,118.16391,1700.05,,1.9234876657152946,0.9900000000000091,0.5146900693183567,11.823487665715385
30.12674,118.16392,1700.49,,3.4717188855925847,0.44000000000005457,0.12673837211475472,7.871718885593131
30.12672,118.16395,1701.85,,3.642841229518946,1.3599999999999,0.3733349641975734,17.242841229517946
30.12671,118.164,1704.11,,4.935609072969966,2.259999999999991,0.4578968809294397,27.535609072969876
30.12671,118.16403,1705.49,,2.8852332505397698,1.3800000000001091,0.4782975517636013,16.68523325054086
30.12673,118.16406,1707.09,,3.6428414618084033,1.599999999999909,0.43921757693117575,19.642841461807492
30.12667,118.16405,1705.99,,6.740658326125355,-1.099999999999909,-0.16318880838931465,6.740658326125355
30.12658,118.16407,1703.69,,10.190718351778303,-2.2999999999999545,-0.22569557126447318,10.190718351778303
30.12653,118.16409,1703.67,,5.883077442465134,-0.01999999999998181,-0.003399581289822591,5.883077442465134
30.12648,118.1641,1703.25,,5.642316496041739,-0.42000000000007276,-0.0744375116664788,5.642316496041739
30.12645,118.16407,1698.99,,4.410498018732221,-4.259999999999991,-0.9658773185946267,4.410498018732221
30.12639,118.16406,1695.45,,6.7406587150702215,-3.5399999999999636,-0.5251712257862153,6.7406587150702215
30.12632,118.16412,1700.31,,9.689357588385795,4.8599999999999,0.5015812406206751,58.289357588384796
30.12628,118.16425,1709.33,,13.270310457993707,9.019999999999982,0.6797128091729426,103.47031045799352
30.12619,118.16439,1711.17,,16.77627266795479,1.8400000000001455,0.10967871328860927,35.17627266795624
30.1261,118.16451,1712.07,,15.27565330369489,0.8999999999998636,0.0589172837394896,24.275653303693524
30.12601,118.16454,1707.8,,10.415162323388305,-4.269999999999982,-0.40997920794870985,10.415162323388305
30.12589,118.16468,1705.11,,18.956253190172724,-2.6900000000000546,-0.14190568004201384,18.956253190172724
30.12579,118.16482,1705.22,,17.462444485723196,0.11000000000012733,0.006299232624049871,18.56244448572447
30.12571,118.16499,1707.19,,18.61311404856984,1.9700000000000273,0.1058393557821344,38.313114048570114
30.12563,118.16513,1702.35,,16.137721943795498,-4.8400000000001455,-0.29991841579975853,16.137721943795498
30.12558,118.16524,1699.13,,11.951255813449517,-3.2199999999998,-0.26942775305471467,11.951255813449517
30.12553,118.16526,1696.17,,5.883083811525739,-2.9600000000000364,-0.5031374861940612,5.883083811525739
30.12552,118.16534,1696.42,,7.773982300887989,0.25,0.032158550190092866,10.27398230088799
30.12555,118.1654,1696.55,,6.6653549588121725,0.12999999999988177,0.019503837500508592,7.96535495881099
30.12557,118.16545,1698.08,,5.298119613192968,1.5299999999999727,0.28878170213259907,20.598119613192694
30.12555,118.1655,1696.26,,5.2981196119524645,-1.8199999999999363,-0.34351810327083754,5.2981196119524645
30.12551,118.16551,1696.72,,4.5505904202703125,0.4600000000000364,0.10108578393498038,9.150590420270676
30.12545,118.16553,1697.64,,6.943444652027382,0.9200000000000728,0.13249907590628615,16.14344465202811
30.12546,118.16559,1697.51,,5.8766964615905835,-0.13000000000010914,-0.02212127184886514,5.8766964615905835
30.1255,118.16563,1696.73,,5.880689129471356,-0.7799999999999727,-0.13263751625484935,5.880689129471356
30.12555,118.16565,1696.07,,5.88308400298002,-0.6600000000000819,-0.11218605745995895,5.88308400298002
30.1256,118.1658,1699.29,,15.4605897949088,3.2200000000000273,0.20827148528708644,47.66058979490907
30.12559,118.16597,1696.88,,16.387607820514877,-2.4099999999998545,-0.14706234286268974,16.387607820514877
30.12556,118.16632,1683.77,,33.82632890219367,-13.110000000000127,-0.3875679219553125,33.82632890219367
30.12556,118.16651,1673.3,,18.273356754611378,-10.470000000000027,-0.5729653363965472,18.273356754611378
30.12563,118.16675,1660.76,,24.359180995116034,-12.539999999999964,-0.5147956330105765,24.359180995116034
30.12568,118.16688,1652.56,,13.683240205956889,-8.200000000000045,-0.5992732625149884,13.683240205956889
30.12576,118.16694,1650.72,,10.603327135663882,-1.8399999999999181,-0.1735304378010888,10.603327135663882
30.12589,118.16694,1656.59,,14.455340463640434,5.869999999999891,0.40607829436911025,73.15534046363935
30.12602,118.16699,1660.41,,15.234205908621078,3.8200000000001637,0.25075150112277367,53.434205908622715
30.12618,118.16708,1660.93,,19.785056072237733,0.5199999999999818,0.026282462789157447,24.98505607223755
30.12629,118.16721,1661.84,,17.490758086405712,0.9099999999998545,0.05202747619653667,26.590758086404257
30.12631,118.16732,1657.6,,10.810452597124339,-4.240000000000009,-0.39221299588584113,10.810452597124339
30.12634,118.16738,1656.08,,6.665314985969784,-1.5199999999999818,-0.22804623685445022,6.665314985969784
30.12644,118.16746,1655.1,,13.521850818537601,-0.9800000000000182,-0.07247528560635355,13.521850818537601
30.12648,118.1676,1649.07,,14.18007306785714,-6.029999999999973,-0.42524463528107986,14.18007306785714
30.12648,118.16771,1644.06,,10.579213231559685,-5.009999999999991,-0.4735701880981343,10.579213231559685
30.12645,118.1678,1639.31,,9.27628107458912,-4.75,-0.5120586538728178,9.27628107458912
30.12643,118.16791,1633.96,,10.810437917389883,-5.349999999999909,-0.49489207013471614,10.810437917389883
30.12644,118.16802,1629.16,,10.637494336496417,-4.7999999999999545,-0.4512340827793936,10.637494336496417
30.12643,118.16809,1625.95,,6.82344103136547,-3.2100000000000364,-0.4704371277255207,6.82344103136547
30.12639,118.16814,1623.66,,6.550331849372673,-2.2899999999999636,-0.34960060843623936,6.550331849372673
30.12633,118.16816,1623.82,,6.943439903296067,0.15999999999985448,0.02304333330859566,8.543439903294612
30.12631,118.16822,1622.51,,6.184195290834505,-1.3099999999999454,-0.2118303091012464,6.184195290834505
30.12627,118.16836,1621.49,,14.180095081796411,-1.0199999999999818,-0.07193181668502344,14.180095081796411
30.12618,118.16847,1626.37,,14.562666498079691,4.879999999999882,0.33510346478396547,63.36266649807851
30.12606,118.16861,1630.54,,18.956236723791953,4.170000000000073,0.21998037167188939,60.65623672379268
30.12602,118.16872,1632.28,,11.476221016198929,1.740000000000009,0.15161785378165532,28.87622101619902
30.12595,118.16884,1635.91,,13.92049632935115,3.630000000000109,0.2607665642169892,50.220496329352244
30.12594,118.16893,1637.17,,8.726896949325216,1.259999999999991,0.14438121675052173,21.326896949325125
30.12586,118.16896,1640.43,,9.351807442966049,3.259999999999991,0.34859571477297646,41.95180744296596
30.12576,118.16902,1642.97,,12.527649732384122,2.5399999999999636,0.20275151798298077,37.927649732383756
30.12562,118.16914,1647.12,,19.37876146905853,4.149999999999864,0.21415197285058904,60.87876146905717
30.1255,118.1692,1647.7,,14.537714675226745,0.5800000000001546,0.039896229425145764,20.33771467522829
30.12547,118.16924,1647.31,,5.09190386213621,-0.39000000000010004,-0.0765921766316466,5.09190386213621
30.12534,118.16925,1645.36,,14.487299427235676,-1.9500000000000455,-0.13460065554620246,14.487299427235676
30.12532,118.16931,1646.49,,6.184249277579245,1.1300000000001091,0.1827222592881047,17.484249277580336
30.12526,118.16938,1647.71,,9.478158559113716,1.2200000000000273,0.1287169857299905,21.67815855911399
30.12519,118.16949,1648.73,,13.134219622551248,1.0199999999999818,0.07765973383364612,23.334219622551068
30.12495,118.16993,1650.31,,50.02950669640345,1.5799999999999272,0.031581362766335476,65.82950669640272
30.12488,118.17006,1649.07,,14.727788487098906,-1.240000000000009,-0.08419458230855308,14.727788487098906
30.12482,118.17014,1648.56,,10.183845108091738,-0.5099999999999909,-0.0500793162687404,10.183845108091738
30.12475,118.17026,1649.63,,13.920612614114589,1.0700000000001637,0.07686443331633651,24.620612614116226
30.12463,118.17019,1642.43,,14.945588210669833,-7.2000000000000455,-0.4817475162911206,14.945588210669833
30.12469,118.17007,1644.32,,13.330798460605468,1.8899999999998727,0.14177695399004864,32.23079846060419
30.12467,118.17,1641.99,,7.090151774594554,-2.3299999999999272,-0.32862484105753387,7.090151774594554
30.12464,118.17,1640.26,,3.3358477992104754,-1.7300000000000182,-0.5186087927661066,3.3358477992104754
30.12453,118.17018,1635.82,,21.19683052149316,-4.440000000000055,-0.20946527809891127,21.19683052149316
30.12447,118.17019,1632.03,,6.740661383984727,-3.7899999999999636,-0.5622593665667142,6.740661383984727
30.12441,118.17024,1628.8,,8.22413481801768,-3.230000000000018,-0.39274647990006656,8.22413481801768
30.12437,118.17028,1627.52,,5.88071691110923,-1.2799999999999727,-0.21766053686106393,5.88071691110923
30.12434,118.17028,1626.12,,3.3358477992104754,-1.400000000000091,-0.419683416111323,3.3358477992104754
30.12414,118.1705,1616.98,,30.696445906260067,-9.139999999999873,-0.2977543402878413,30.696445906260067
30.12408,118.17062,1614.33,,13.330854113794556,-2.650000000000091,-0.1987869627391626,13.330854113794556
30.12409,118.17069,1613.29,,6.82359911631417,-1.0399999999999636,-0.1524122361633884,6.82359911631417
30.12407,118.17081,1610.68,,11.753550735498113,-2.6099999999999,-0.22206055503867178,11.753550735498113
30.12393,118.17082,1607.91,,15.596971264865772,-2.769999999999982,-0.17759858327364947,15.596971264865772
30.1239,118.17086,1605.43,,5.091950076162522,-2.480000000000018,-0.4870432669027729,5.091950076162522
30.12392,118.17093,1601.53,,7.090201623894535,-3.900000000000091,-0.5500548795194745,7.090201623894535
30.12397,118.17099,1600.21,,8.013172148761704,-1.3199999999999363,-0.1647287710153487,8.013172148761704
30.12405,118.17095,1605.57,,9.691833753893501,5.3599999999999,0.5530429159339043,63.291833753892504
30.12406,118.17108,1601.41,,12.55236154965006,-4.1599999999998545,-0.3314117414117847,12.55236154965006
30.12399,118.17118,1590.97,,12.37276809324126,-10.440000000000055,-0.8437885460492064,12.37276809324126
30.12391,118.17121,1584.57,,9.351825022890822,-6.400000000000091,-0.6843583989579108,9.351825022890822
30.12379,118.17118,1581.57,,13.651781634948815,-3.0,-0.21975153721474303,13.651781634948815
30.1236,118.17109,1579.68,,22.831499436511773,-1.8899999999998727,-0.0827803712697649,22.831499436511773
30.1235,118.1711,1575.83,,11.1610093020476,-3.8500000000001364,-0.3449508817534822,11.1610093020476
30.12343,118.17109,1573.8,,7.842840079104877,-2.0299999999999727,-0.2588348072286158,7.842840079104877
30.12335,118.17105,1571.97,,9.69184334249602,-1.8299999999999272,-0.1888185699386916,9.69184334249602
30.12327,118.17112,1567.48,,11.156046797999071,-4.490000000000009,-0.4024723166996151,11.156046797999071
30.12317,118.17123,1561.78,,15.348298280160941,-5.7000000000000455,-0.3713766761601062,15.348298280160941
30.12313,118.17132,1559.21,,9.731877492398201,-2.5699999999999363,-0.2640805951377238,9.731877492398201
30.12311,118.17137,1558.07,,5.298227466742493,-1.1400000000001,-0.21516629989104746,5.298227466742493
30.12306,118.17136,1557.39,,5.642322174299813,-0.6799999999998363,-0.12051775474593868,5.642322174299813
30.12286,118.17159,1557.44,,31.367330363468877,0.049999999999954525,0.0015940151559147566,31.867330363468422
30.12263,118.17166,1565.28,,26.44614137097323,7.839999999999918,0.2964515650893763,104.84614137097242
30.12212,118.17191,1616.11,,61.59629404101803,50.82999999999993,0.8252119837948588,569.8962940410173
30.12171,118.17186,1629.05,,45.84284952610889,12.940000000000055,0.28226866640631343,175.24284952610944
30.12151,118.17209,1641.51,,31.36754363129788,12.460000000000036,0.39722587609849397,155.96754363129824
30.12132,118.17219,1645.35,,23.213289414517995,3.839999999999918,0.16542248413955135,61.613289414517176
30.12123,118.17239,1652.29,,21.683463389344176,6.940000000000055,0.32005957145252695,91.08346338934473
30.12114,118.17266,1664.97,,27.830138857994843,12.680000000000064,0.45562115463025954,154.6301388579955
30.12112,118.17292,1680.81,,25.105460879833405,15.839999999999918,0.6309384271341458,183.50546087983258
30.12101,118.17314,1686.78,,24.440464073154327,5.970000000000027,0.24426704755404136,84.1404640731546
30.12129,118.17331,1692.18,,35.16679348605295,5.400000000000091,0.1535539486175137,89.16679348605386
30.12114,118.17355,1697.77,,28.478568274656777,5.589999999999918,0.19628795752960965,84.37856827465596
30.12097,118.17412,1701.03,,57.99002440315504,3.259999999999991,0.05621656541021606,90.59002440315496
30.12077,118.17427,1701.03,,26.508703461459625,0.0,0.0,26.508703461459625
